,SNR,lpix,mpix,boxc_width,time,dm,iblk,rawsn,total_sample,obstime_sec,mjd,dm_pccm3,ra_deg,dec_deg,cluster_id
0,6.2,191,151,0,114,28,1,162,370,5.1149,60381.266609511,124.985,44.45377,-54.6,0
1,6.0,102,37,1,153,105,2,159,665,9.193,60381.266656711,468.694,45.1168,-55.09024,1
2,6.3,22,250,0,78,133,3,167,846,11.6951,60381.266685671,593.679,45.70157,-54.17122,2
3,6.1,22,249,1,79,134,3,160,847,11.7089,60381.266685831,598.143,45.70163,-54.17554,2
4,6.0,134,22,1,126,144,4,158,1150,15.8976,60381.266734311,642.78,44.87672,-55.15466,3
5,6.0,31,145,3,219,16,5,158,1499,20.7222,60381.266790151,71.42,45.64161,-54.62412,4
6,6.0,160,233,0,111,40,5,158,1391,19.2292,60381.266772871,178.55,44.68657,-54.24772,5
7,6.3,132,13,0,255,67,5,166,1535,21.2198,60381.266795911,299.071,44.89195,-55.19318,6
8,6.2,249,165,6,96,119,5,163,1376,19.0218,60381.266770471,531.186,44.02617,-54.53653,7
9,6.0,249,165,5,95,120,5,159,1375,19.008,60381.266770311,535.65,44.02617,-54.53653,7
10,6.2,248,165,7,97,120,5,162,1377,19.0356,60381.266770631,535.65,44.03355,-54.5366,7
11,6.2,249,165,7,97,120,5,163,1377,19.0356,60381.266770631,535.65,44.02617,-54.53653,7
12,6.2,249,165,6,97,121,5,162,1377,19.0356,60381.266770631,540.114,44.02617,-54.53653,7
13,6.2,98,239,0,120,54,6,163,1656,22.8925,60381.266815271,241.043,45.14252,-54.22187,8
14,6.1,217,172,1,18,145,6,160,1554,21.4825,60381.266798951,647.244,44.26297,-54.50845,9
15,6.1,134,99,1,217,58,7,161,2009,27.7724,60381.266871751,258.898,44.87593,-54.82462,10
16,6.2,60,204,0,68,43,9,163,2372,32.7905,60381.266929831,191.941,45.42333,-54.37164,11
17,6.0,213,209,0,225,136,9,158,2529,34.9609,60381.266954951,607.07,44.29544,-54.34932,12
18,6.2,214,209,0,225,136,9,162,2529,34.9609,60381.266954951,607.07,44.28809,-54.34927,12
19,6.3,59,214,1,161,144,10,166,2721,37.6151,60381.266985671,642.78,45.43035,-54.3285,13
20,6.1,198,134,0,47,145,17,160,4399,60.8118,60381.267254151,647.244,44.40096,-54.6728,14
21,6.6,219,89,3,5,8,20,173,5125,70.848,60381.267370311,35.71,44.24221,-54.865,15
22,6.1,219,237,4,160,6,21,161,5536,76.5297,60381.267436071,26.783,44.25385,-54.22826,16
23,6.0,131,57,3,91,29,21,158,5467,75.5758,60381.267425031,129.449,44.89867,-55.00476,17
24,6.0,25,135,0,250,160,25,158,6650,91.9296,60381.267614311,714.2,45.68704,-54.66673,18
25,6.0,206,142,1,40,13,26,158,6696,92.5655,60381.267621671,58.029,44.34214,-54.63805,19
26,6.0,103,167,3,222,18,26,158,6878,95.0815,60381.267650791,80.348,45.10596,-54.53219,20
27,6.0,201,105,1,233,82,27,159,7145,98.7725,60381.267693511,366.028,44.37709,-54.79723,21
28,6.0,26,114,1,225,55,28,159,7393,102.2008,60381.267733191,245.506,45.68129,-54.75702,22
29,6.1,129,79,1,153,141,28,161,7321,101.2055,60381.267721671,629.389,44.91338,-54.91044,23
30,6.3,129,80,1,153,141,28,165,7321,101.2055,60381.267721671,629.389,44.91337,-54.90615,23
31,6.2,78,83,2,127,160,28,164,7295,100.8461,60381.267717511,714.2,45.29465,-54.89251,24
32,6.0,241,25,1,57,47,29,158,7481,103.4173,60381.267747271,209.796,44.07365,-55.1379,25
33,6.4,91,161,1,77,156,30,168,7757,107.2328,60381.267791431,696.345,45.19503,-54.55778,26
34,6.3,91,161,1,77,157,30,165,7757,107.2328,60381.267791431,700.809,45.19503,-54.55778,26
35,6.2,91,161,1,78,159,30,163,7758,107.2466,60381.267791591,709.736,45.19503,-54.55778,26
36,6.2,111,246,0,255,48,31,162,8191,113.2324,60381.267860871,214.26,45.04697,-54.19184,27
37,6.2,177,114,4,140,72,31,162,8076,111.6426,60381.267842471,321.39,44.55598,-54.75949,28
38,6.1,177,114,4,141,73,31,160,8077,111.6564,60381.267842631,325.854,44.55598,-54.75949,28
39,6.2,177,114,4,141,74,31,162,8077,111.6564,60381.267842631,330.318,44.55598,-54.75949,28
40,6.0,177,114,3,142,75,31,158,8078,111.6703,60381.267842791,334.781,44.55598,-54.75949,28
41,6.3,177,114,3,142,76,31,165,8078,111.6703,60381.267842791,339.245,44.55598,-54.75949,28
42,6.0,177,114,3,143,77,31,158,8079,111.6841,60381.267842951,343.709,44.55598,-54.75949,28
43,6.0,162,5,1,230,122,31,158,8166,112.8868,60381.267856871,544.578,44.66621,-55.22705,29
44,6.3,197,49,1,215,131,31,165,8151,112.6794,60381.267854471,584.751,44.40439,-55.03758,30
45,6.0,79,176,1,122,149,32,159,8314,114.9327,60381.267880551,665.099,45.28361,-54.49291,31
46,6.1,228,90,0,61,91,34,160,8765,121.1674,60381.267952711,406.201,44.17526,-54.86018,32
47,6.0,63,241,6,25,78,35,158,8985,124.2086,60381.267987911,348.173,45.40002,-54.21221,33
48,6.1,52,10,7,36,7,36,161,9252,127.8997,60381.268030631,31.246,45.495,-55.20421,34
49,6.0,141,4,1,222,97,36,158,9438,130.4709,60381.268060391,432.984,44.82432,-55.23163,35
50,6.2,141,4,2,223,98,36,163,9439,130.4847,60381.268060551,437.448,44.82432,-55.23163,35
51,6.3,126,6,0,172,76,37,165,9644,133.3186,60381.268093351,339.245,44.93727,-55.22313,36
52,6.8,163,114,3,42,48,39,180,10026,138.5994,60381.268154471,214.26,44.6601,-54.75985,37
53,6.2,137,166,0,52,70,39,164,10036,138.7377,60381.268156071,312.463,44.8541,-54.53666,38
54,6.0,75,28,0,111,16,41,159,10607,146.6312,60381.268247431,71.42,45.3203,-55.12811,39
55,6.2,154,245,3,26,107,41,163,10522,145.4561,60381.268233831,477.621,44.73115,-54.19604,40
56,6.0,168,211,2,13,63,42,159,10765,148.8154,60381.268272711,281.216,44.62665,-54.3424,41
57,6.1,137,250,0,250,129,42,160,11002,152.0916,60381.268310631,575.824,44.85611,-54.17464,42
58,6.0,151,235,6,165,70,43,159,11173,154.4556,60381.268337991,312.463,44.75276,-54.23924,43
59,6.1,151,235,6,166,71,43,160,11174,154.4694,60381.268338151,316.926,44.75276,-54.23924,43
60,6.3,151,235,6,166,72,43,165,11174,154.4694,60381.268338151,321.39,44.75276,-54.23924,43
61,6.2,151,235,7,168,74,43,163,11176,154.497,60381.268338471,330.318,44.75276,-54.23924,43
62,6.1,211,145,0,255,118,43,160,11263,155.6997,60381.268352391,526.723,44.30531,-54.6249,44
63,6.5,180,61,0,72,127,43,171,11080,153.1699,60381.268323111,566.896,44.53194,-54.98679,45
64,6.0,106,226,0,40,17,44,159,11304,156.2665,60381.268358951,75.884,45.08358,-54.27807,46
65,6.3,170,46,6,129,114,44,166,11393,157.4968,60381.268373191,508.868,44.60646,-55.05135,47
66,6.0,170,46,6,130,115,44,158,11394,157.5107,60381.268373351,513.331,44.60646,-55.05135,47
67,6.2,170,46,6,131,116,44,163,11395,157.5245,60381.268373511,517.795,44.60646,-55.05135,47
68,6.2,170,46,6,131,117,44,163,11395,157.5245,60381.268373511,522.259,44.60646,-55.05135,47
69,6.0,187,9,2,191,138,45,158,11711,161.8929,60381.268424071,615.998,44.47818,-55.20922,48
70,6.0,187,9,3,192,140,45,158,11712,161.9067,60381.268424231,624.925,44.47818,-55.20922,48
71,6.0,203,50,1,40,52,46,159,11816,163.3444,60381.268440871,232.115,44.35952,-55.03303,49
72,6.3,203,51,2,40,53,46,165,11816,163.3444,60381.268440871,236.579,44.35956,-55.02874,49
73,6.0,94,53,0,106,66,48,158,12394,171.3347,60381.268533351,294.608,45.17616,-55.02155,50
74,6.0,101,162,1,215,156,48,158,12503,172.8415,60381.268550791,696.345,45.12084,-54.55367,51
75,6.7,6,77,0,208,67,50,176,13008,179.8226,60381.268631591,299.071,45.83451,-54.91441,52
76,6.3,7,77,0,208,67,50,165,13008,179.8226,60381.268631591,299.071,45.827,-54.91448,52
77,6.0,165,255,2,253,92,50,158,13053,180.4447,60381.268638791,410.665,44.65096,-54.15267,53
78,6.1,12,174,1,158,155,50,161,12958,179.1314,60381.268623591,691.881,45.78057,-54.49812,54
79,6.1,43,129,3,159,161,50,160,12959,179.1452,60381.268623751,718.664,45.55332,-54.69356,55
80,6.0,58,31,1,149,43,51,158,13205,182.5459,60381.268663111,191.941,45.44803,-55.11461,56
81,6.2,119,119,1,239,161,52,164,13551,187.329,60381.268718471,718.664,44.98759,-54.73872,57
82,6.0,219,163,5,241,50,54,158,14065,194.4346,60381.268800711,223.188,44.24746,-54.54706,58
83,6.2,218,163,3,240,53,54,162,14064,194.4207,60381.268800551,236.579,44.25484,-54.54712,58
84,6.2,218,163,4,241,54,54,163,14065,194.4346,60381.268800711,241.043,44.25484,-54.54712,58
85,6.0,218,163,4,242,55,54,159,14066,194.4484,60381.268800871,245.506,44.25484,-54.54712,58
86,6.1,28,203,0,66,55,55,161,14146,195.5543,60381.268813671,245.506,45.65995,-54.37429,59
87,6.0,163,63,1,42,11,56,158,14378,198.7615,60381.268850791,49.101,44.65911,-54.97867,60
88,6.2,163,64,1,42,11,56,163,14378,198.7615,60381.268850791,49.101,44.65913,-54.97438,60
89,6.1,94,126,4,183,103,56,160,14519,200.7107,60381.268873351,459.766,45.17359,-54.70832,61
90,6.0,19,173,2,215,0,57,159,14807,204.692,60381.268919431,0.0,45.72869,-54.50291,62
91,6.0,9,140,0,238,67,57,159,14830,205.0099,60381.268923111,299.071,45.80581,-54.64415,63
92,6.2,139,40,3,222,72,58,163,15070,208.3277,60381.268961511,321.39,44.83886,-55.07756,64
93,6.0,154,116,6,74,77,58,159,14922,206.2817,60381.268937831,343.709,44.7271,-54.75143,65
94,6.0,154,116,6,77,82,58,158,14925,206.3232,60381.268938311,366.028,44.7271,-54.75143,66
95,6.2,185,158,3,184,84,59,162,15288,211.3413,60381.268996391,374.955,44.49853,-54.57011,67
96,6.0,115,142,0,184,100,59,159,15288,211.3413,60381.268996391,446.375,45.01715,-54.63986,68
97,6.3,249,167,5,208,142,59,165,15312,211.6731,60381.269000231,633.853,44.02631,-54.52791,69
98,6.1,186,162,3,196,8,60,161,15556,215.0461,60381.269039271,35.71,44.49134,-54.55287,70
99,6.0,186,162,3,198,10,60,158,15558,215.0738,60381.269039591,44.638,44.49134,-54.55287,70
100,6.1,186,162,3,199,11,60,161,15559,215.0876,60381.269039751,49.101,44.49134,-54.55287,70
101,6.1,136,26,2,169,17,60,160,15529,214.6729,60381.269034951,75.884,44.86156,-55.13752,71
102,6.3,44,247,3,154,18,60,165,15514,214.4655,60381.269032551,80.348,45.53964,-54.18544,72
103,6.0,134,153,3,64,29,60,158,15424,213.2214,60381.269018151,129.449,44.87616,-54.5926,73
104,6.2,249,103,1,174,65,60,163,15534,214.742,60381.269035751,290.144,44.02013,-54.80296,74
105,6.2,45,143,6,116,83,60,162,15476,213.9402,60381.269026471,370.491,45.53752,-54.63349,75
106,6.4,45,143,6,117,84,60,169,15477,213.9541,60381.269026631,374.955,45.53752,-54.63349,75
107,6.0,45,143,6,117,85,60,159,15477,213.9541,60381.269026631,379.419,45.53752,-54.63349,75
108,6.2,45,143,6,118,86,60,164,15478,213.9679,60381.269026791,383.883,45.53752,-54.63349,75
109,6.0,44,143,6,119,87,60,159,15479,213.9817,60381.269026951,388.346,45.54496,-54.63344,75
110,6.3,45,143,6,119,87,60,167,15479,213.9817,60381.269026951,388.346,45.53752,-54.63349,75
111,6.1,45,143,7,121,90,60,161,15481,214.0093,60381.269027271,401.738,45.53752,-54.63349,75
112,6.1,170,102,1,134,119,60,161,15494,214.1891,60381.269029351,531.186,44.60768,-54.81121,76
113,6.0,131,187,2,120,12,61,158,15736,217.5345,60381.269068071,53.565,44.89879,-54.44629,77
114,6.2,131,187,3,121,14,61,162,15737,217.5483,60381.269068231,62.493,44.89879,-54.44629,77
115,6.0,194,17,5,82,46,61,158,15698,217.0092,60381.269061991,205.333,44.42576,-55.17472,78
116,6.0,194,17,5,83,47,61,158,15699,217.023,60381.269062151,209.796,44.42576,-55.17472,78
117,6.1,172,52,0,134,73,61,161,15750,217.728,60381.269070311,325.854,44.59158,-55.02559,79
118,6.0,92,195,5,39,144,61,159,15655,216.4147,60381.269055111,642.78,45.187,-54.41143,80
119,6.5,91,194,3,38,146,61,171,15654,216.4009,60381.269054951,651.708,45.19441,-54.41572,80
120,6.3,92,195,3,38,146,61,167,15654,216.4009,60381.269054951,651.708,45.187,-54.41143,80
121,6.0,92,195,5,40,146,61,159,15656,216.4285,60381.269055271,651.708,45.187,-54.41143,80
122,6.0,91,195,5,40,147,61,158,15656,216.4285,60381.269055271,656.172,45.1944,-54.41141,80
123,6.3,92,195,5,40,147,61,166,15656,216.4285,60381.269055271,656.172,45.187,-54.41143,80
124,6.1,92,195,6,41,148,61,160,15657,216.4424,60381.269055431,660.635,45.187,-54.41143,80
125,6.3,92,195,5,41,149,61,165,15657,216.4424,60381.269055431,665.099,45.187,-54.41143,80
126,6.2,92,195,5,42,150,61,164,15658,216.4562,60381.269055591,669.563,45.187,-54.41143,80
127,6.1,92,195,5,43,151,61,160,15659,216.47,60381.269055751,674.026,45.187,-54.41143,80
128,6.2,139,57,3,48,155,61,163,15664,216.5391,60381.269056551,691.881,44.83872,-55.00473,81
129,6.1,40,43,3,125,80,62,161,15997,221.1425,60381.269109831,357.1,45.58247,-55.06234,82
130,6.1,250,64,3,243,124,62,160,16115,222.7738,60381.269128711,553.505,44.00929,-54.97018,83
131,6.2,141,114,6,0,146,62,162,15872,219.4145,60381.269089831,651.708,44.82382,-54.76017,84
132,6.3,173,241,0,153,146,62,167,16025,221.5296,60381.269114311,651.708,44.59148,-54.21289,85
133,6.0,241,29,1,66,4,63,158,16194,223.8659,60381.269141351,17.855,44.07387,-55.12077,86
134,6.2,173,99,0,176,112,63,162,16304,225.3865,60381.269158951,499.94,44.58525,-54.82401,87
135,6.3,174,99,0,176,112,63,167,16304,225.3865,60381.269158951,499.94,44.5778,-54.82397,87
136,6.1,119,144,0,193,153,63,161,16321,225.6215,60381.269161671,682.954,44.98744,-54.63129,88
137,6.0,120,144,0,193,153,63,158,16321,225.6215,60381.269161671,682.954,44.98001,-54.63129,88
138,6.1,5,57,0,51,83,64,160,16435,227.1974,60381.269179911,370.491,45.84422,-55.00006,89
139,6.1,1,32,1,74,105,64,160,16458,227.5154,60381.269183591,468.694,45.87728,-55.10683,90
140,6.2,218,230,1,164,156,64,162,16548,228.7596,60381.269197991,696.345,44.26047,-54.2585,91
141,6.0,230,21,1,172,2,65,158,16812,232.4091,60381.269240231,8.928,44.15578,-55.15574,92
142,6.2,163,3,0,81,23,65,162,16721,231.1511,60381.269225671,102.666,44.65863,-55.23558,93
143,6.1,184,247,3,224,139,65,160,16864,233.1279,60381.269248551,620.461,44.51117,-54.18666,94
144,6.2,203,251,1,160,18,66,162,17056,235.7822,60381.269279271,80.348,44.37225,-54.16864,95
145,6.0,203,251,1,160,19,66,158,17056,235.7822,60381.269279271,84.811,44.37225,-54.16864,95
146,6.1,138,20,1,255,68,66,161,17151,237.0954,60381.269294471,303.535,44.84662,-55.16319,96
147,6.0,110,228,1,45,142,66,158,16941,234.1924,60381.269260871,633.853,45.05412,-54.26949,97
148,6.2,3,137,1,189,22,67,162,17341,239.722,60381.269324871,98.203,45.85078,-54.65659,98
149,6.0,165,97,0,42,28,67,158,17194,237.6898,60381.269301351,124.985,44.64481,-54.83279,99
150,6.3,46,125,3,2,140,67,166,17154,237.1369,60381.269294951,624.925,45.53122,-54.7109,100
151,6.0,55,121,3,134,45,68,159,17542,242.5006,60381.269357031,200.869,45.46437,-54.72852,101
152,6.3,56,121,3,134,45,68,166,17542,242.5006,60381.269357031,200.869,45.45691,-54.72856,101
153,6.4,55,121,3,134,46,68,168,17542,242.5006,60381.269357031,205.333,45.46437,-54.72852,101
154,6.5,56,121,3,134,46,68,171,17542,242.5006,60381.269357031,205.333,45.45691,-54.72856,101
155,6.0,56,121,5,136,46,68,159,17544,242.5283,60381.269357351,205.333,45.45691,-54.72856,101
156,6.0,56,121,3,135,47,68,159,17543,242.5144,60381.269357191,209.796,45.45691,-54.72856,101
157,6.2,93,47,1,161,91,68,163,17569,242.8739,60381.269361351,406.201,45.18393,-55.04723,102
158,6.3,93,48,1,161,91,68,166,17569,242.8739,60381.269361351,406.201,45.18388,-55.04295,102
159,6.2,122,151,3,158,102,68,162,17566,242.8324,60381.269360871,455.303,44.96516,-54.6012,103
160,6.0,212,29,0,9,94,69,159,17673,244.3116,60381.269377991,419.593,44.29116,-55.12252,104
161,6.3,236,54,1,20,120,69,165,17684,244.4636,60381.269379751,535.65,44.11303,-55.01403,105
162,6.2,107,82,3,188,139,69,162,17852,246.786,60381.269406631,620.461,45.07778,-54.89743,106
163,6.1,107,81,3,190,143,69,161,17854,246.8137,60381.269406951,638.316,45.07781,-54.90173,107
164,6.0,233,13,4,57,152,69,159,17721,244.9751,60381.269385671,678.49,44.1328,-55.18978,108
165,6.0,235,103,3,130,81,70,158,18050,249.5232,60381.269438311,361.564,44.12414,-54.80394,109
166,6.1,178,42,0,142,95,70,160,18062,249.6891,60381.269440231,424.056,44.54642,-55.06826,110
167,6.3,114,65,0,81,101,70,166,18001,248.8458,60381.269430471,450.839,45.02583,-54.97041,111
168,6.6,204,96,3,180,145,70,175,18100,250.2144,60381.269446311,647.244,44.35427,-54.83573,112
169,6.1,86,212,3,65,160,70,160,17985,248.6246,60381.269427911,714.2,45.23106,-54.33804,113
170,6.3,48,66,2,84,111,71,165,18260,252.4262,60381.269471911,495.476,45.52045,-54.9642,114
171,6.5,48,66,3,85,112,71,170,18261,252.4401,60381.269472071,499.94,45.52045,-54.9642,114
172,6.1,217,160,3,38,135,71,160,18214,251.7903,60381.269464551,602.606,44.26199,-54.56008,115
173,6.0,5,250,4,103,151,71,158,18279,252.6889,60381.269474951,674.026,45.82661,-54.17001,116
174,6.3,5,250,3,102,152,71,165,18278,252.6751,60381.269474791,678.49,45.82661,-54.17001,116
175,6.2,5,250,3,102,153,71,162,18278,252.6751,60381.269474791,682.954,45.82661,-54.17001,116
176,6.2,171,26,2,93,41,73,162,18781,259.6285,60381.269555271,183.014,44.59864,-55.13697,117
177,6.1,61,184,0,3,130,73,160,18691,258.3844,60381.269540871,580.288,45.41665,-54.45783,118
178,6.1,197,85,6,0,38,74,160,18944,261.8819,60381.269581351,169.623,44.40587,-54.88324,119
179,6.2,47,89,1,255,45,74,162,19199,265.407,60381.269622151,200.869,45.52623,-54.86551,120
180,6.0,127,28,0,53,65,74,158,18997,262.6145,60381.269589831,290.144,44.92916,-55.12898,121
181,6.4,56,212,0,32,93,74,169,18976,262.3242,60381.269586471,415.129,45.45252,-54.33698,122
182,6.0,13,9,0,153,106,74,158,19097,263.9969,60381.269605831,473.158,45.78948,-55.20616,123
183,6.0,199,39,3,77,124,74,158,19021,262.9463,60381.269593671,553.505,44.38899,-55.08033,124
184,6.0,137,63,0,106,134,74,158,19050,263.3472,60381.269598311,598.143,44.85366,-54.97902,125
185,6.1,48,23,0,237,147,74,161,19181,265.1581,60381.269619271,656.172,45.52398,-55.14839,126
186,6.2,78,244,1,38,153,74,164,18982,262.4072,60381.269587431,682.954,45.28953,-54.19979,127
187,6.0,141,148,0,88,45,75,158,19288,266.6373,60381.269636391,200.869,44.82419,-54.61406,128
188,6.0,37,10,1,232,149,75,158,19432,268.628,60381.269659431,665.099,45.60815,-55.20343,129
189,6.0,105,160,1,97,154,75,158,19297,266.7617,60381.269637831,687.418,45.0912,-54.56234,130
190,6.4,230,198,1,75,58,76,168,19531,269.9966,60381.269675271,258.898,44.16933,-54.39574,131
191,6.3,230,198,1,76,59,76,166,19532,270.0104,60381.269675431,263.361,44.16933,-54.39574,131
192,6.0,206,248,1,48,87,76,158,19504,269.6233,60381.269670951,388.346,44.35,-54.18145,132
193,6.0,206,248,2,49,89,76,158,19505,269.6371,60381.269671111,397.274,44.35,-54.18145,132
194,6.0,253,248,3,60,48,78,158,20028,276.8671,60381.269754791,214.26,44.00593,-54.17856,133
195,6.1,70,247,1,17,83,79,160,20241,279.8116,60381.269788871,370.491,45.34832,-54.18658,134
196,6.2,244,166,0,74,98,80,164,20554,284.1385,60381.269838951,437.448,44.06309,-54.53257,135
197,6.1,144,73,3,143,49,81,161,20879,288.6313,60381.269890951,218.724,44.80127,-54.93609,136
198,6.0,117,106,7,205,64,81,158,20941,289.4884,60381.269900871,285.68,45.00264,-54.79454,137
199,6.0,117,106,7,206,66,81,159,20942,289.5022,60381.269901031,294.608,45.00264,-54.79454,137
200,6.3,117,106,6,206,67,81,165,20942,289.5022,60381.269901031,299.071,45.00264,-54.79454,137
201,6.0,142,226,6,27,139,81,158,20763,287.0277,60381.269872391,620.461,44.81858,-54.27816,138
202,6.2,24,90,0,234,154,81,164,20970,289.8893,60381.269905511,687.418,45.6983,-54.8599,139
203,6.7,25,90,0,234,154,81,176,20970,289.8893,60381.269905511,687.418,45.69081,-54.85997,139
204,6.0,235,17,6,127,155,81,159,20863,288.4101,60381.269888391,691.881,44.11802,-55.17253,140
205,6.2,218,78,1,84,156,81,162,20820,287.8157,60381.269881511,696.345,44.24893,-54.91224,141
206,6.0,218,78,1,84,157,81,159,20820,287.8157,60381.269881511,700.809,44.24893,-54.91224,141
207,6.2,218,78,1,85,158,81,163,20821,287.8295,60381.269881671,705.273,44.24893,-54.91224,141
208,6.1,83,18,0,154,116,82,160,21146,292.3223,60381.269933671,517.795,45.26063,-55.17115,142
209,6.1,83,18,0,154,117,82,160,21146,292.3223,60381.269933671,522.259,45.26063,-55.17115,142
210,6.1,147,123,3,249,47,83,161,21497,297.1745,60381.269989831,209.796,44.77927,-54.72145,143
211,6.3,156,97,1,154,84,83,165,21402,295.8612,60381.269974631,374.955,44.71188,-54.83297,144
212,6.0,110,114,0,144,19,84,159,21648,299.262,60381.270013991,84.811,45.05469,-54.76012,145
213,6.2,187,40,1,8,4,85,162,21768,300.9208,60381.270033191,17.855,44.47892,-55.07652,146
214,6.2,90,93,5,53,20,85,162,21813,301.5429,60381.270040391,89.275,45.20448,-54.84993,147
215,6.4,135,110,0,120,156,85,169,21880,302.4691,60381.270051111,696.345,44.86848,-54.77739,148
216,6.0,55,203,5,17,110,86,158,22033,304.5842,60381.270075591,491.013,45.46025,-54.37572,149
217,6.0,77,166,6,201,115,86,159,22217,307.1278,60381.270105031,513.331,45.29872,-54.53588,150
218,6.1,35,20,5,53,86,87,161,22325,308.6208,60381.270122311,383.883,45.62223,-55.16052,151
219,6.2,35,20,5,54,87,87,164,22326,308.6346,60381.270122471,388.346,45.62223,-55.16052,151
220,6.0,76,172,4,183,91,87,159,22455,310.4179,60381.270143111,406.201,45.30594,-54.51003,152
221,6.0,41,36,6,223,92,87,158,22495,310.9709,60381.270149511,410.665,45.57553,-55.09237,153
222,6.0,82,88,0,193,116,87,159,22465,310.5562,60381.270144711,517.795,45.26448,-54.87118,154
223,6.0,83,88,0,193,116,87,159,22465,310.5562,60381.270144711,517.795,45.257,-54.8712,154
224,6.0,82,88,0,193,117,87,159,22465,310.5562,60381.270144711,522.259,45.26448,-54.87118,154
225,6.0,83,88,0,193,117,87,159,22465,310.5562,60381.270144711,522.259,45.257,-54.8712,154
226,6.0,93,149,2,201,1,88,159,22729,314.2057,60381.270186951,4.464,45.18044,-54.60944,155
227,6.1,31,112,0,203,99,88,160,22731,314.2333,60381.270187271,441.911,45.64407,-54.76591,156
228,6.2,42,241,3,168,112,88,164,22696,313.7495,60381.270181671,499.94,45.55458,-54.21123,157
229,6.2,130,175,0,32,18,89,164,22816,315.4084,60381.270200871,80.348,44.90602,-54.49795,158
230,6.1,98,110,0,7,81,89,160,22791,315.0628,60381.270196871,361.564,45.14422,-54.77712,159
231,6.5,99,110,0,7,81,89,170,22791,315.0628,60381.270196871,361.564,45.13676,-54.77714,159
232,6.1,142,115,3,109,104,89,160,22893,316.4728,60381.270213191,464.23,44.81638,-54.75587,160
233,6.1,191,190,1,83,128,89,161,22867,316.1134,60381.270209031,571.36,44.456,-54.43216,161
234,6.0,241,205,0,120,45,90,159,23160,320.1638,60381.270255911,200.869,44.0891,-54.36486,162
235,6.2,230,150,3,23,134,90,163,23063,318.8229,60381.270240391,598.143,44.16505,-54.60233,163
236,6.1,230,150,2,23,135,90,160,23063,318.8229,60381.270240391,602.606,44.16505,-54.60233,163
237,6.0,230,150,2,24,136,90,158,23064,318.8367,60381.270240551,607.07,44.16505,-54.60233,163
238,6.0,254,141,3,149,140,90,158,23189,320.5647,60381.270260551,624.925,43.98668,-54.63935,164
239,6.0,142,69,0,10,44,91,159,23306,322.1822,60381.270279271,196.405,44.81622,-54.95326,165
240,6.2,26,4,5,35,55,91,162,23331,322.5277,60381.270283271,245.506,45.69182,-55.22842,166
241,6.3,26,4,1,35,56,91,165,23331,322.5277,60381.270283271,249.97,45.69182,-55.22842,167
242,6.2,192,176,0,177,56,91,162,23473,324.4908,60381.270305991,249.97,44.44777,-54.4924,168
243,6.1,26,4,5,36,57,91,161,23332,322.5416,60381.270283431,254.434,45.69182,-55.22842,166
244,6.1,233,134,3,164,63,91,160,23460,324.311,60381.270303911,281.216,44.1415,-54.67092,169
245,6.0,72,119,0,2,96,91,158,23298,322.0716,60381.270277991,428.52,45.33773,-54.73778,170
246,6.4,211,25,0,55,109,91,169,23351,322.8042,60381.270286471,486.549,44.29844,-55.1397,171
247,6.4,127,9,0,55,144,91,169,23351,322.8042,60381.270286471,642.78,44.9296,-55.21029,172
248,6.0,156,47,1,181,33,92,158,23733,328.085,60381.270347591,147.304,44.71135,-55.04737,173
249,6.1,76,69,0,193,63,92,161,23745,328.2509,60381.270349511,281.216,45.31033,-54.95248,174
250,6.2,97,27,0,57,125,92,164,23609,326.3708,60381.270327751,557.969,45.15476,-55.13296,175
251,6.3,42,141,0,145,159,92,166,23697,327.5873,60381.270341831,709.736,45.55996,-54.64193,176
252,6.0,202,163,0,61,24,93,159,23869,329.9651,60381.270369351,107.13,44.37307,-54.54792,177
253,6.0,63,242,5,23,160,93,158,23831,329.4398,60381.270363271,714.2,45.39993,-54.20789,178
254,6.1,63,242,6,24,160,93,160,23832,329.4536,60381.270363431,714.2,45.39993,-54.20789,178
255,6.0,118,71,6,27,97,95,159,24347,336.5729,60381.270445831,432.984,44.99575,-54.94471,179
256,6.2,141,137,3,32,122,96,163,24608,340.181,60381.270487591,544.578,44.82404,-54.66135,180
257,6.2,210,189,6,54,147,96,162,24630,340.4851,60381.270491111,656.172,44.31585,-54.43562,181
258,6.2,40,34,0,238,155,96,164,24814,343.0287,60381.270520551,691.881,45.58323,-55.10088,182
259,6.0,208,13,3,93,5,97,158,24925,344.5632,60381.270538311,22.319,44.32042,-55.1912,183
260,6.0,28,185,0,127,51,97,159,24959,345.0332,60381.270543751,227.651,45.66105,-54.45182,184
261,6.2,181,193,3,31,70,97,163,24863,343.7061,60381.270528391,312.463,44.52991,-54.41959,185
262,6.2,181,193,3,32,72,97,163,24864,343.7199,60381.270528551,321.39,44.52991,-54.41959,185
263,6.1,181,193,3,33,74,97,161,24865,343.7338,60381.270528711,330.318,44.52991,-54.41959,185
264,6.2,181,193,3,34,75,97,163,24866,343.7476,60381.270528871,334.781,44.52991,-54.41959,185
265,6.0,73,6,3,71,158,97,159,24903,344.2591,60381.270534791,705.273,45.33678,-55.22218,186
266,6.2,146,86,0,126,141,98,162,25214,348.5583,60381.270584551,629.389,44.78636,-54.88031,187
267,6.0,225,142,5,238,152,98,158,25326,350.1066,60381.270602471,678.49,44.20139,-54.63703,188
268,6.2,170,69,6,172,65,99,162,25516,352.7332,60381.270632871,290.144,44.60686,-54.95278,189
269,6.1,86,43,1,217,126,99,160,25561,353.3553,60381.270640071,562.433,45.23666,-55.06419,190
270,6.0,109,38,3,29,65,100,158,25629,354.2953,60381.270650951,290.144,45.06411,-55.08604,191
271,6.1,168,215,1,52,87,100,160,25652,354.6133,60381.270654631,388.346,44.62681,-54.32516,192
272,6.2,183,246,0,4,111,101,164,25860,357.4886,60381.270687911,495.476,44.51839,-54.19101,193
273,6.2,255,117,5,63,29,102,163,26175,361.8432,60381.270738311,129.449,43.97687,-54.74239,194
274,6.1,255,117,6,64,29,102,160,26176,361.857,60381.270738471,129.449,43.97687,-54.74239,194
275,6.0,248,128,1,84,111,102,159,26196,362.1335,60381.270741671,495.476,44.02982,-54.69567,195
276,6.0,125,146,1,40,133,102,158,26152,361.5252,60381.270734631,593.679,44.94289,-54.62271,196
277,6.1,83,42,3,178,152,103,161,26546,366.9719,60381.270797671,678.49,45.25925,-55.06839,197
278,6.3,15,49,3,74,142,104,165,26698,369.0732,60381.270821991,633.853,45.76986,-55.03507,198
279,6.0,15,49,2,74,143,104,158,26698,369.0732,60381.270821991,638.316,45.76986,-55.03507,198
280,6.4,18,38,3,179,40,105,169,27059,374.0636,60381.270879751,178.55,45.74846,-55.08239,199
281,6.1,19,38,3,179,40,105,160,27059,374.0636,60381.270879751,178.55,45.74093,-55.08246,199
282,6.3,17,134,3,25,43,105,165,26905,371.9347,60381.270855111,191.941,45.74667,-54.6705,200
283,6.3,18,134,3,25,43,105,165,26905,371.9347,60381.270855111,191.941,45.73922,-54.67057,200
284,6.0,134,29,0,54,66,106,159,27190,375.8746,60381.270900711,294.608,44.87651,-55.12468,201
285,6.0,19,155,0,61,90,106,159,27197,375.9713,60381.270901831,401.738,45.73003,-54.58035,202
286,6.2,202,100,6,191,151,106,163,27327,377.7685,60381.270922631,674.026,44.36935,-54.81865,203
287,6.2,202,100,6,191,152,106,162,27327,377.7685,60381.270922631,678.49,44.36935,-54.81865,203
288,6.1,202,100,6,191,153,106,160,27327,377.7685,60381.270922631,682.954,44.36935,-54.81865,203
289,6.1,202,100,5,191,154,106,160,27327,377.7685,60381.270922631,687.418,44.36935,-54.81865,203
290,6.3,202,100,6,192,154,106,165,27328,377.7823,60381.270922791,687.418,44.36935,-54.81865,203
291,6.2,203,101,6,192,154,106,162,27328,377.7823,60381.270922791,687.418,44.36196,-54.81431,203
292,6.8,203,101,2,189,155,106,178,27325,377.7408,60381.270922311,691.881,44.36196,-54.81431,204
293,6.3,202,100,6,192,155,106,166,27328,377.7823,60381.270922791,691.881,44.36935,-54.81865,203
294,6.2,203,101,5,192,155,106,163,27328,377.7823,60381.270922791,691.881,44.36196,-54.81431,203
295,6.0,202,101,1,189,156,106,158,27325,377.7408,60381.270922311,696.345,44.3694,-54.81435,204
296,6.7,203,101,1,189,156,106,176,27325,377.7408,60381.270922311,696.345,44.36196,-54.81431,204
297,6.6,202,100,6,193,156,106,175,27329,377.7961,60381.270922951,696.345,44.36935,-54.81865,203
298,6.3,203,100,6,193,156,106,166,27329,377.7961,60381.270922951,696.345,44.36191,-54.8186,203
299,6.2,203,101,2,190,157,106,164,27326,377.7546,60381.270922471,700.809,44.36196,-54.81431,204
300,6.4,202,100,7,193,157,106,169,27329,377.7961,60381.270922951,700.809,44.36935,-54.81865,203
301,6.3,203,101,6,194,157,106,165,27330,377.8099,60381.270923111,700.809,44.36196,-54.81431,203
302,6.4,202,100,7,194,158,106,168,27330,377.8099,60381.270923111,705.273,44.36935,-54.81865,203
303,6.2,202,100,6,194,159,106,164,27330,377.8099,60381.270923111,709.736,44.36935,-54.81865,203
304,6.1,202,100,7,195,160,106,161,27331,377.8237,60381.270923271,714.2,44.36935,-54.81865,203
305,6.0,17,79,3,193,45,107,158,27585,381.3351,60381.270963911,200.869,45.75174,-54.90662,205
306,6.0,108,156,6,28,46,107,159,27420,379.0541,60381.270937511,205.333,45.06899,-54.57959,206
307,6.2,108,156,5,28,47,107,162,27420,379.0541,60381.270937511,209.796,45.06899,-54.57959,206
308,6.2,108,156,6,29,48,107,163,27421,379.0679,60381.270937671,214.26,45.06899,-54.57959,206
309,6.3,199,100,1,0,86,107,166,27392,378.667,60381.270933031,383.883,44.39168,-54.81878,207
310,6.1,200,100,1,0,86,107,161,27392,378.667,60381.270933031,383.883,44.38424,-54.81874,207
311,6.2,247,83,0,77,51,108,164,27725,383.2704,60381.270986311,227.651,44.03319,-54.88892,208
312,6.2,244,244,0,174,90,108,163,27822,384.6113,60381.271001831,401.738,44.07125,-54.19647,209
313,6.1,70,156,0,67,10,109,160,27971,386.6711,60381.271025671,44.638,45.35101,-54.57867,210
314,6.0,77,241,0,247,132,109,158,28151,389.1594,60381.271054471,589.215,45.29689,-54.2127,211
315,6.0,136,18,1,179,150,109,159,28083,388.2194,60381.271043591,669.563,44.86165,-55.17176,212
316,6.0,60,133,3,123,60,110,158,28283,390.9842,60381.271075591,267.825,45.42643,-54.67717,213
317,6.0,162,0,1,145,96,110,158,28305,391.2883,60381.271079111,428.52,44.6661,-55.24843,214
318,6.5,76,196,0,24,19,111,172,28440,393.1546,60381.271100711,84.811,45.30523,-54.40669,215
319,6.3,184,30,3,146,111,111,166,28562,394.8411,60381.271120231,495.476,44.50112,-55.11945,216
320,6.0,184,30,3,146,112,111,159,28562,394.8411,60381.271120231,499.94,44.50112,-55.11945,216
321,6.2,105,207,4,160,154,111,162,28576,395.0346,60381.271122471,687.418,45.09089,-54.35996,217
322,6.0,195,249,1,5,155,111,159,28421,392.8919,60381.271097671,691.881,44.43062,-54.17761,218
323,6.2,104,207,3,160,155,111,163,28576,395.0346,60381.271122471,691.881,45.09826,-54.35995,217
324,6.8,105,207,3,160,155,111,179,28576,395.0346,60381.271122471,691.881,45.09089,-54.35996,217
325,6.5,105,208,3,160,155,111,171,28576,395.0346,60381.271122471,691.881,45.09088,-54.35565,217
326,6.0,253,205,1,180,155,111,158,28596,395.3111,60381.271125671,691.881,44.00086,-54.36398,219
327,6.2,139,209,1,66,21,112,162,28738,397.2741,60381.271148391,93.739,44.84017,-54.35147,220
328,6.0,245,217,2,193,20,113,158,29121,402.5687,60381.271209671,89.275,44.06095,-54.31285,221
329,6.3,11,50,0,238,51,113,165,29166,403.1908,60381.271216871,227.651,45.79981,-55.0305,222
330,6.0,75,156,0,110,133,113,159,29038,401.4213,60381.271196391,593.679,45.31389,-54.57884,223
331,6.1,128,2,6,228,151,113,160,29156,403.0526,60381.271215271,674.026,44.92222,-55.24023,224
332,6.0,128,2,6,228,152,113,159,29156,403.0526,60381.271215271,678.49,44.92222,-55.24023,224
333,6.2,134,195,3,243,49,114,162,29427,406.7989,60381.271258631,218.724,44.87675,-54.41182,225
334,6.2,92,111,0,177,118,114,164,29361,405.8865,60381.271248071,526.723,45.18893,-54.77271,226
335,6.0,69,244,1,116,135,114,158,29300,405.0432,60381.271238311,602.606,45.35569,-54.19948,227
336,6.0,174,240,2,91,44,115,159,29531,408.2365,60381.271275271,196.405,44.58403,-54.21717,228
337,6.4,175,241,2,91,44,115,168,29531,408.2365,60381.271275271,196.405,44.57675,-54.21283,228
338,6.0,92,127,5,59,60,115,158,29499,407.7942,60381.271270151,267.825,45.18844,-54.70398,229
339,6.0,200,43,1,207,107,115,159,29647,409.8401,60381.271293831,477.621,44.38162,-55.06314,230
340,6.0,130,135,2,20,8,117,158,29972,414.3329,60381.271345831,35.71,44.90574,-54.67,231
341,6.0,130,135,1,20,9,117,158,29972,414.3329,60381.271345831,40.174,44.90574,-54.67,231
342,6.7,130,135,1,20,10,117,176,29972,414.3329,60381.271345831,44.638,44.90574,-54.67,231
343,6.0,117,231,0,212,48,117,159,30164,416.9871,60381.271376551,214.26,45.00259,-54.25661,232
344,6.0,89,198,0,217,2,118,159,30425,420.5952,60381.271418311,8.928,45.2091,-54.39844,233
345,6.0,62,193,1,243,26,120,158,30963,428.0325,60381.271504391,116.058,45.40886,-54.41911,234
346,6.1,46,167,0,180,40,120,161,30900,427.1616,60381.271494311,178.55,45.52864,-54.53031,235
347,6.0,64,221,0,149,60,120,159,30869,426.7331,60381.271489351,267.825,45.39312,-54.29851,236
348,6.0,129,27,0,65,72,120,158,30785,425.5718,60381.271475911,321.39,44.91411,-55.13326,237
349,6.1,65,191,3,27,3,121,160,31003,428.5855,60381.271510791,13.391,45.38674,-54.42784,238
350,6.2,253,205,0,105,10,122,162,31337,433.2027,60381.271564231,44.638,44.00084,-54.36398,239
351,6.0,169,163,3,20,69,122,158,31252,432.0276,60381.271550631,307.999,44.61714,-54.54908,240
352,6.2,57,197,3,102,95,122,162,31334,433.1612,60381.271563751,424.056,45.44569,-54.40166,241
353,6.0,82,49,1,11,155,122,158,31243,431.9032,60381.271549191,691.881,45.26638,-55.03838,242
354,6.0,147,44,0,90,99,123,159,31578,436.5343,60381.271602791,441.911,44.77879,-55.06035,243
355,6.0,226,94,5,179,161,123,159,31667,437.7646,60381.271617031,718.664,44.19036,-54.84313,244
356,6.4,81,50,0,224,57,124,169,31968,441.9256,60381.271665191,254.434,45.27383,-55.03407,245
357,6.3,161,221,1,62,69,124,167,31806,439.6862,60381.271639271,307.999,44.67858,-54.29944,246
358,6.1,49,181,3,105,98,124,160,31849,440.2806,60381.271646151,437.448,45.50564,-54.4702,247
359,6.3,69,174,1,34,132,124,165,31778,439.2991,60381.271634791,589.215,45.35774,-54.50119,248
360,6.0,79,146,1,72,143,127,158,32584,450.4412,60381.271763751,638.316,45.28453,-54.62197,249
361,6.0,12,81,1,100,38,128,159,32868,454.3672,60381.271809191,169.623,45.78901,-54.89769,250
362,6.0,235,185,3,47,95,128,158,32815,453.6346,60381.271800711,424.056,44.13124,-54.4514,251
363,6.0,227,219,1,164,82,129,158,33188,458.7909,60381.271860391,366.028,44.1933,-54.30541,252
364,6.0,227,219,1,165,84,129,158,33189,458.8047,60381.271860551,374.955,44.1933,-54.30541,252
365,6.2,154,90,3,67,139,129,164,33091,457.45,60381.271844871,620.461,44.72669,-54.86304,253
366,6.1,154,90,3,68,140,129,160,33092,457.4638,60381.271845031,624.925,44.72669,-54.86304,253
367,6.0,98,83,4,7,26,130,159,33287,460.1595,60381.271876231,116.058,45.14503,-54.893,254
368,6.0,98,83,3,6,27,130,158,33286,460.1457,60381.271876071,120.521,45.14503,-54.893,254
369,6.0,4,133,0,112,68,131,158,33648,465.15,60381.271933991,303.535,45.84363,-54.67385,255
370,6.0,236,37,1,37,159,131,158,33573,464.1132,60381.271921991,709.736,44.11174,-55.08684,256
371,6.2,203,96,1,223,159,133,164,34271,473.7623,60381.272033671,709.736,44.36168,-54.83577,257
372,6.0,22,123,5,97,32,134,158,34401,475.5594,60381.272054471,142.84,45.7103,-54.71809,258
373,6.3,22,123,5,100,36,134,166,34404,475.6009,60381.272054951,160.695,45.7103,-54.71809,259
374,6.1,157,62,3,251,30,135,161,34811,481.2273,60381.272120071,133.913,44.70395,-54.98307,260
375,6.1,157,62,3,251,31,135,161,34811,481.2273,60381.272120071,138.376,44.70395,-54.98307,260
376,6.1,126,98,0,111,99,135,161,34671,479.2919,60381.272097671,441.911,44.9356,-54.82891,261
377,6.2,225,124,5,82,116,137,163,35154,485.9689,60381.272174951,517.795,44.19998,-54.71438,262
378,6.2,225,124,5,82,117,137,163,35154,485.9689,60381.272174951,522.259,44.19998,-54.71438,262
379,6.1,206,127,2,111,150,137,160,35183,486.3698,60381.272179591,669.563,44.34116,-54.70251,263
380,6.0,230,22,5,119,161,137,158,35191,486.4804,60381.272180871,718.664,44.15572,-55.15145,264
381,6.0,221,166,5,207,145,138,158,35535,491.2358,60381.272235911,647.244,44.23286,-54.53403,265
382,6.0,221,166,6,208,145,138,159,35536,491.2497,60381.272236071,647.244,44.23286,-54.53403,265
383,6.3,221,166,2,205,146,138,167,35533,491.2082,60381.272235591,651.708,44.23286,-54.53403,266
384,6.2,221,166,5,208,146,138,162,35536,491.2497,60381.272236071,651.708,44.23286,-54.53403,265
385,6.0,164,168,1,7,56,139,159,35591,492.01,60381.272244871,249.97,44.65432,-54.52768,267
386,6.1,199,9,3,190,97,139,160,35774,494.5398,60381.272274151,432.984,44.38784,-55.20873,268
387,6.2,236,143,0,182,115,139,162,35766,494.4292,60381.272272871,513.331,44.12002,-54.63203,269
388,6.0,133,56,1,181,116,139,158,35765,494.4154,60381.272272711,517.795,44.88365,-55.00904,269
389,6.0,133,56,1,181,117,139,158,35765,494.4154,60381.272272711,522.259,44.88365,-55.00904,269
390,6.0,236,143,0,184,118,139,159,35768,494.4568,60381.272273191,526.723,44.12002,-54.63203,269
391,6.1,13,25,0,12,35,140,160,35852,495.618,60381.272286631,156.231,45.78751,-55.13769,270
392,6.2,18,39,0,129,92,140,162,35969,497.2354,60381.272305351,410.665,45.7483,-55.0781,271
393,6.0,106,70,2,48,150,140,158,35888,496.1157,60381.272292391,669.563,45.08558,-54.94888,272
394,6.1,106,70,2,49,151,140,160,35889,496.1295,60381.272292551,674.026,45.08558,-54.94888,272
395,6.1,251,64,5,77,157,140,160,35917,496.5166,60381.272297031,700.809,44.00172,-54.97009,273
396,6.0,76,155,0,53,66,141,158,36149,499.7238,60381.272334151,294.608,45.30649,-54.58318,274
397,6.0,110,199,3,169,152,141,159,36265,501.3274,60381.272352711,678.49,45.05397,-54.3945,275
398,6.0,31,177,5,132,155,141,158,36228,500.8159,60381.272346791,691.881,45.6393,-54.48644,276
399,6.0,31,177,4,133,157,141,158,36229,500.8297,60381.272346951,700.809,45.6393,-54.48644,276
400,6.0,144,62,0,123,24,142,159,36475,504.2304,60381.272386311,107.13,44.80124,-54.98325,277
401,6.1,143,61,0,124,26,142,161,36476,504.2442,60381.272386471,116.058,44.80872,-54.98755,277
402,6.2,32,47,0,236,63,142,162,36588,505.7925,60381.272404391,281.216,45.64216,-55.04474,278
403,6.1,60,162,3,52,158,142,160,36404,503.2489,60381.272374951,705.273,45.42498,-54.55247,279
404,6.0,187,31,0,160,150,143,159,36768,508.2808,60381.272433191,669.563,44.47861,-55.11506,280
405,6.0,172,26,1,37,153,145,158,37157,513.6584,60381.272495431,682.954,44.59107,-55.13694,281
406,6.2,101,131,0,41,80,146,163,37417,517.2526,60381.272537031,357.1,45.12137,-54.68697,282
407,6.0,78,4,3,57,155,146,159,37433,517.4738,60381.272539591,691.881,45.29912,-55.23088,283
408,6.0,118,92,2,190,150,147,158,37822,522.8513,60381.272601831,669.563,44.99537,-54.85464,284
409,6.1,155,118,0,239,16,148,160,38127,527.0676,60381.272650631,71.42,44.71969,-54.74282,285
410,6.0,193,67,3,128,26,148,158,38016,525.5332,60381.272632871,116.058,44.43491,-54.96059,286
411,6.1,197,151,1,6,42,149,161,38150,527.3856,60381.272654311,187.478,44.40929,-54.59975,287
412,6.0,74,210,1,114,3,153,158,39282,543.0344,60381.272835431,13.391,45.31962,-54.34629,288
413,6.2,96,100,1,180,81,153,163,39348,543.9468,60381.272845991,361.564,45.15943,-54.82001,289
414,6.0,96,100,1,181,83,153,159,39349,543.9606,60381.272846151,370.491,45.15943,-54.82001,289
415,6.2,66,204,5,210,107,154,164,39634,547.9004,60381.272891751,477.621,45.37887,-54.37187,290
416,6.1,58,89,1,103,35,155,160,39783,549.9602,60381.272915591,156.231,45.44388,-54.86602,291
417,6.3,189,74,0,38,124,156,166,39974,552.6006,60381.272946151,553.505,44.46505,-54.93073,292
418,6.0,242,107,1,231,150,156,158,40167,555.2686,60381.272977031,669.563,44.07238,-54.78628,293
419,6.0,11,191,1,249,157,156,159,40185,555.5175,60381.272979911,700.809,45.7865,-54.42484,294
420,6.0,137,57,0,126,158,156,159,40062,553.8171,60381.272960231,705.273,44.85366,-55.00473,295
421,6.2,4,176,3,202,92,157,164,40394,558.4067,60381.273013351,410.665,45.83965,-54.48891,296
422,6.1,56,15,3,51,14,158,160,40499,559.8582,60381.273030151,62.493,45.46423,-55.18299,297
423,6.2,55,15,7,56,20,158,162,40504,559.9273,60381.273030951,89.275,45.47177,-55.18295,298
424,6.0,241,139,0,201,157,158,158,40649,561.9318,60381.273054151,700.809,44.08263,-54.64889,299
425,6.0,196,182,0,57,52,159,159,40761,563.48,60381.273072071,232.115,44.41857,-54.4664,300
426,6.1,1,137,0,157,156,159,161,40861,564.8625,60381.273088071,696.345,45.86557,-54.65642,301
427,6.0,198,131,3,85,51,160,158,41045,567.4061,60381.273117511,227.651,44.40074,-54.68568,302
428,6.0,136,1,3,161,101,160,159,41121,568.4567,60381.273129671,450.839,44.8619,-55.24448,303
429,6.3,22,98,1,35,20,161,165,41251,570.2538,60381.273150471,89.275,45.71246,-54.82544,304
430,6.0,165,177,3,146,49,161,158,41362,571.7883,60381.273168231,218.724,44.64725,-54.48892,305
431,6.0,77,136,0,136,57,162,159,41608,575.189,60381.273207591,254.434,45.29976,-54.6649,306
432,6.0,251,212,3,225,110,162,158,41697,576.4193,60381.273221831,491.013,44.01626,-54.33396,307
433,6.0,81,120,1,226,96,163,158,41954,579.9721,60381.273262951,428.52,45.2706,-54.73377,308
434,6.1,40,65,0,97,158,163,161,41825,578.1888,60381.273242311,705.273,45.58048,-54.96806,309
435,6.2,41,65,0,97,158,163,162,41825,578.1888,60381.273242311,705.273,45.57298,-54.96812,309
436,6.0,155,88,3,155,43,164,159,42139,582.5295,60381.273292551,191.941,44.7192,-54.8716,310
437,6.4,175,10,0,63,48,164,168,42047,581.2578,60381.273277831,214.26,44.56828,-55.20532,311
438,6.2,176,10,0,63,48,164,162,42047,581.2578,60381.273277831,214.26,44.56075,-55.20529,311
439,6.0,65,131,0,253,51,164,158,42237,583.8843,60381.273308231,227.651,45.38929,-54.68597,312
440,6.0,62,206,0,59,85,164,158,42043,581.2025,60381.273277191,379.419,45.40835,-54.36309,313
441,6.0,126,45,0,244,104,164,158,42228,583.7599,60381.273306791,464.23,44.93628,-55.05617,314
442,6.1,22,163,5,76,142,164,161,42060,581.4374,60381.273279911,633.853,45.70707,-54.54613,315
443,6.5,12,63,1,82,15,165,171,42322,585.0593,60381.273321831,66.956,45.79083,-54.97486,316
444,6.2,12,64,1,82,15,165,162,42322,585.0593,60381.273321831,66.956,45.79072,-54.97057,316
445,6.2,12,63,1,83,16,165,162,42323,585.0732,60381.273321991,71.42,45.79083,-54.97486,316
446,6.0,183,224,0,62,45,165,158,42302,584.7828,60381.273318631,200.869,44.51693,-54.28591,317
447,6.2,18,52,1,212,100,165,163,42452,586.8564,60381.273342631,446.375,45.7469,-55.02242,318
448,6.0,64,214,4,17,110,165,158,42257,584.1608,60381.273311431,491.013,45.39331,-54.32869,319
449,6.1,194,177,0,122,93,166,161,42618,589.1512,60381.273369191,415.129,44.43302,-54.48801,320
450,6.1,159,73,1,33,105,166,160,42529,587.9209,60381.273354951,468.694,44.68912,-54.93587,321
451,6.2,202,102,3,232,109,166,163,42728,590.6719,60381.273386791,486.549,44.36943,-54.81006,322
452,6.0,252,58,0,181,27,168,158,43189,597.0447,60381.273460551,120.521,43.99369,-54.99573,323
453,6.1,37,112,0,37,30,168,160,43045,595.0541,60381.273437511,133.913,45.59921,-54.76625,324
454,6.0,193,196,1,238,86,169,158,43502,601.3716,60381.273510631,383.883,44.44158,-54.40623,325
455,6.5,48,92,0,51,40,170,170,43571,602.3255,60381.273521671,178.55,45.51847,-54.85268,326
456,6.2,157,19,5,12,105,171,162,43788,605.3253,60381.273556391,468.694,44.70367,-55.16723,327
457,6.1,51,63,5,154,159,171,160,43930,607.2883,60381.273579111,709.736,45.4981,-54.9772,328
458,6.3,72,159,0,181,51,172,167,44213,611.2005,60381.273624391,227.651,45.33603,-54.56584,329
459,6.0,72,159,0,182,52,172,159,44214,611.2144,60381.273624551,232.115,45.33603,-54.56584,329
460,6.1,39,167,1,189,83,173,161,44477,614.85,60381.273666631,370.491,45.58055,-54.52994,330
461,6.0,244,57,0,156,108,173,158,44444,614.3939,60381.273661351,482.085,44.05335,-55.00061,331
462,6.0,138,168,0,105,41,174,158,44649,617.2278,60381.273694151,183.014,44.84671,-54.52805,332
463,6.1,180,67,1,87,160,175,160,44887,620.5179,60381.273732231,714.2,44.53204,-54.96106,333
464,6.2,55,1,1,163,111,176,164,45219,625.1075,60381.273785351,495.476,45.47291,-55.24283,334
465,6.1,107,246,0,195,136,176,160,45251,625.5498,60381.273790471,607.07,45.07621,-54.19178,335
466,6.2,80,16,1,32,3,177,162,45344,626.8354,60381.273805351,13.391,45.28326,-55.17961,336
467,6.0,178,251,0,130,120,178,159,45698,631.7291,60381.273861991,535.65,44.55526,-54.16957,337
468,6.0,28,109,1,106,156,178,159,45674,631.3974,60381.273858151,696.345,45.66665,-54.7786,338
469,6.0,103,42,0,245,108,179,158,46069,636.8578,60381.273921351,482.085,45.10897,-55.06882,339
470,6.2,53,110,3,156,86,182,162,46748,646.2443,60381.274029991,383.883,45.47991,-54.77566,340
471,6.0,5,103,6,91,92,183,159,46939,648.8848,60381.274060551,410.665,45.83909,-54.80276,341
472,6.0,172,194,1,71,137,183,158,46919,648.6083,60381.274057351,611.534,44.59629,-54.41554,342
473,6.2,10,139,5,184,156,183,163,47032,650.1703,60381.274075431,696.345,45.7983,-54.6485,343
474,6.2,11,139,5,184,156,183,164,47032,650.1703,60381.274075431,696.345,45.79086,-54.64857,343
475,6.4,10,139,5,184,157,183,169,47032,650.1703,60381.274075431,700.809,45.7983,-54.6485,343
476,6.6,11,139,5,184,157,183,175,47032,650.1703,60381.274075431,700.809,45.79086,-54.64857,343
477,6.2,10,139,5,185,158,183,162,47033,650.1842,60381.274075591,705.273,45.7983,-54.6485,343
478,6.2,11,139,5,185,158,183,164,47033,650.1842,60381.274075591,705.273,45.79086,-54.64857,343
479,6.4,10,139,4,185,159,183,168,47033,650.1842,60381.274075591,709.736,45.7983,-54.6485,343
480,6.6,10,139,3,185,160,183,174,47033,650.1842,60381.274075591,714.2,45.7983,-54.6485,343
481,6.3,11,139,3,185,160,183,166,47033,650.1842,60381.274075591,714.2,45.79086,-54.64857,343
482,6.5,10,139,2,185,161,183,172,47033,650.1842,60381.274075591,718.664,45.7983,-54.6485,343
483,6.0,98,161,1,230,95,184,158,47334,654.3452,60381.274123751,424.056,45.14308,-54.55792,344
484,6.0,83,115,6,65,103,184,158,47169,652.0643,60381.274097351,459.766,45.25587,-54.7553,345
485,6.3,218,49,0,184,123,184,166,47288,653.7093,60381.274116391,549.041,44.24712,-55.03653,346
486,6.1,187,70,1,72,159,184,161,47176,652.161,60381.274098471,709.736,44.47983,-54.94796,347
487,6.3,150,189,0,241,19,185,165,47601,658.0363,60381.274166472,84.811,44.75845,-54.43752,348
488,6.1,151,189,0,241,19,185,160,47601,658.0363,60381.274166472,84.811,44.75107,-54.43751,348
489,6.2,172,102,1,123,37,185,163,47483,656.405,60381.274147591,165.159,44.59276,-54.81115,349
490,6.2,173,102,1,123,37,185,162,47483,656.405,60381.274147591,165.159,44.58532,-54.81112,349
491,6.2,205,130,0,61,143,187,164,47933,662.6258,60381.274219591,638.316,44.34874,-54.68967,350
492,6.0,108,78,0,101,147,187,158,47973,663.1788,60381.274225991,656.172,45.07038,-54.9146,351
493,6.2,165,39,3,222,131,188,162,48350,668.3904,60381.274286311,584.751,44.64375,-55.08145,352
494,6.2,238,45,1,3,8,189,162,48387,668.9019,60381.274292231,35.71,44.09727,-55.05243,353
495,6.2,20,169,5,100,99,190,162,48740,673.7817,60381.274348711,441.911,45.72142,-54.52018,354
496,6.1,191,166,0,232,153,190,160,48872,675.6065,60381.274369831,682.954,44.45453,-54.53547,355
497,6.0,224,153,1,16,98,193,159,49424,683.2374,60381.274458151,437.448,44.2096,-54.58978,356
498,6.1,129,182,0,52,84,195,161,49972,690.8129,60381.274545831,374.955,44.91348,-54.46782,357
499,6.0,250,206,0,86,92,196,159,50262,694.8219,60381.274592231,410.665,44.02289,-54.35988,358
500,6.0,98,177,0,193,18,198,158,50881,703.379,60381.274691271,80.348,45.14283,-54.48906,359
501,6.0,99,247,0,203,55,198,159,50891,703.5172,60381.274692871,245.506,45.13497,-54.18734,360
502,6.5,75,144,0,216,135,198,170,50904,703.6969,60381.274694951,602.606,45.31432,-54.63045,361
503,6.2,97,223,0,209,144,198,162,50897,703.6002,60381.274693832,642.78,45.14976,-54.29085,362
504,6.2,202,47,0,211,29,199,164,51155,707.1667,60381.274735111,129.449,44.36674,-55.04591,363
505,6.0,203,47,0,211,29,199,159,51155,707.1667,60381.274735111,129.449,44.35925,-55.04586,363
506,6.1,98,71,3,5,150,199,160,50949,704.319,60381.274702151,669.563,45.14542,-54.94447,364
507,6.1,98,72,6,10,153,199,160,50954,704.3881,60381.274702951,682.954,45.14539,-54.94018,365
508,6.3,51,22,0,132,80,203,167,52100,720.2304,60381.274886311,357.1,45.50128,-55.1528,366
509,6.1,23,190,1,127,42,204,161,52351,723.7002,60381.274926471,187.478,45.69763,-54.42996,367
510,6.2,6,71,0,149,57,204,162,52373,724.0043,60381.274929991,254.434,45.83494,-54.94011,368
511,6.1,7,72,0,149,57,204,161,52373,724.0043,60381.274929991,254.434,45.82733,-54.9359,368
512,6.0,46,138,0,42,154,208,159,53290,736.681,60381.275076711,687.418,45.53032,-54.65503,369
513,6.0,255,5,1,194,126,210,158,53954,745.8601,60381.275182951,562.433,43.9668,-55.2224,370
514,6.0,28,229,0,242,105,213,158,54770,757.1405,60381.275313511,468.694,45.65818,-54.26218,371
515,6.0,154,236,6,66,17,214,158,54850,758.2464,60381.275326311,75.884,44.73059,-54.23486,372
516,6.1,154,236,5,67,18,214,160,54851,758.2603,60381.275326471,80.348,44.73059,-54.23486,372
517,6.0,154,236,5,67,19,214,158,54851,758.2603,60381.275326471,84.811,44.73059,-54.23486,372
518,6.1,154,236,5,67,20,214,160,54851,758.2603,60381.275326471,89.275,44.73059,-54.23486,372
519,6.0,58,32,1,243,0,215,158,55283,764.2322,60381.275395591,0.0,45.44777,-55.11031,373
520,6.0,71,40,2,224,147,217,158,55776,771.0474,60381.275474471,656.172,45.34946,-55.07657,374
521,6.0,97,24,1,168,5,218,158,55976,773.8122,60381.275506471,22.319,45.15478,-55.14579,375
522,6.2,96,24,0,168,6,218,162,55976,773.8122,60381.275506471,26.783,45.16231,-55.14577,375
523,6.3,97,24,0,168,6,218,166,55976,773.8122,60381.275506471,26.783,45.15478,-55.14579,375
524,6.0,97,24,1,169,7,218,158,55977,773.826,60381.275506631,31.246,45.15478,-55.14579,375
525,6.1,214,102,3,9,69,218,160,55817,771.6142,60381.275481031,307.999,44.28012,-54.80947,376
526,6.0,214,102,7,14,79,218,159,55822,771.6833,60381.275481831,352.636,44.28012,-54.80947,377
527,6.6,63,155,0,149,15,219,173,56213,777.0885,60381.275544391,66.956,45.403,-54.5827,378
528,6.0,164,247,0,26,125,221,159,56602,782.4661,60381.275606631,557.969,44.65767,-54.1872,379
529,6.1,181,184,1,102,94,227,160,58214,804.7504,60381.275864552,419.593,44.52937,-54.45834,380
530,6.0,181,184,1,103,95,227,158,58215,804.7642,60381.275864711,424.056,44.52937,-54.45834,380
531,6.4,150,59,1,74,78,228,168,58442,807.9022,60381.275901031,348.173,44.75629,-54.99603,381
532,6.0,206,61,5,205,131,229,159,58829,813.2521,60381.275962951,584.751,44.33744,-54.98573,382
533,6.2,206,61,4,205,132,229,162,58829,813.2521,60381.275962951,589.215,44.33744,-54.98573,382
534,6.0,206,61,3,204,133,229,158,58828,813.2383,60381.275962791,593.679,44.33744,-54.98573,382
535,6.1,94,36,3,174,36,235,160,60334,834.0572,60381.276203751,160.695,45.1768,-55.09435,383
536,6.0,128,236,3,243,124,238,159,61171,845.6279,60381.276337671,553.505,44.92165,-54.23507,384
537,6.1,39,92,3,106,108,240,161,61546,850.8119,60381.276397671,482.085,45.58574,-54.85221,385
538,6.0,45,174,6,65,138,240,158,61505,850.2451,60381.276391111,615.998,45.53558,-54.50013,386
539,6.2,103,14,3,70,63,247,163,63302,875.0869,60381.276678631,281.216,45.11002,-55.18868,387
540,6.0,104,14,3,70,63,247,158,63302,875.0869,60381.276678631,281.216,45.10249,-55.1887,387
541,6.2,229,208,0,216,46,249,162,63960,884.183,60381.276783911,205.333,44.17742,-54.35269,388
542,6.1,229,208,0,217,47,249,161,63961,884.1968,60381.276784071,209.796,44.17742,-54.35269,388
543,6.1,252,79,5,197,106,252,160,64709,894.5372,60381.276903751,473.158,43.99541,-54.90569,389
544,6.0,248,255,2,76,80,254,158,65100,899.9424,60381.276966311,357.1,44.04292,-54.14867,390
545,6.0,111,38,3,7,1,263,159,67335,930.8391,60381.277323911,4.464,45.04898,-55.08606,391
546,6.1,60,176,1,92,87,263,160,67420,932.0141,60381.277337511,388.346,45.42429,-54.49222,392
547,6.0,203,158,0,39,93,263,159,67367,931.2814,60381.277329031,415.129,44.36526,-54.56937,393
548,6.0,235,122,5,105,93,263,159,67433,932.1938,60381.277339591,415.129,44.12552,-54.72233,394
549,6.2,165,100,5,110,111,263,162,67438,932.2629,60381.277340391,495.476,44.64484,-54.81991,395
550,6.3,165,100,6,111,112,263,166,67439,932.2767,60381.277340551,499.94,44.64484,-54.81991,395
551,6.0,165,100,5,112,113,263,158,67440,932.2906,60381.277340711,504.404,44.64484,-54.81991,395
552,6.1,165,100,5,112,114,263,161,67440,932.2906,60381.277340711,508.868,44.64484,-54.81991,395
553,6.3,165,100,5,113,116,263,166,67441,932.3044,60381.277340871,517.795,44.64484,-54.81991,395
554,6.3,165,100,5,113,117,263,166,67441,932.3044,60381.277340871,522.259,44.64484,-54.81991,395
555,6.3,165,100,4,113,118,263,167,67441,932.3044,60381.277340871,526.723,44.64484,-54.81991,395
556,6.0,164,100,1,113,121,263,159,67441,932.3044,60381.277340871,540.114,44.65229,-54.81993,395
557,6.0,96,63,5,92,160,263,159,67420,932.0141,60381.277337511,714.2,45.16066,-54.97872,396
558,6.0,253,42,1,76,71,264,158,67660,935.3318,60381.277375911,316.926,43.9847,-55.06418,397
559,6.0,123,91,5,190,158,264,159,67774,936.9078,60381.277394151,705.273,44.95804,-54.85895,398
560,6.0,123,91,3,190,159,264,159,67774,936.9078,60381.277394151,709.736,44.95804,-54.85895,398
561,6.2,57,239,0,61,32,265,162,67901,938.6635,60381.277414471,142.84,45.44395,-54.22056,399
562,6.4,193,61,0,128,121,265,169,67968,939.5897,60381.277425191,540.114,44.4346,-54.9863,400
563,6.2,197,104,0,181,54,269,163,69045,954.4781,60381.277597511,241.043,44.4067,-54.80169,401
564,6.1,232,26,0,15,78,269,161,68879,952.1833,60381.277570951,348.173,44.14077,-55.13417,402
565,6.1,40,226,0,163,6,270,160,69283,957.7682,60381.277635591,26.783,45.56976,-54.27581,403
566,6.1,32,113,0,227,85,276,160,70883,979.8866,60381.277891591,379.419,45.63638,-54.76166,404
567,6.6,99,219,0,236,85,280,174,71916,994.1668,60381.278056871,379.419,45.13498,-54.30813,405
568,6.1,225,32,1,36,55,283,161,72484,1002.0188,60381.278147751,245.506,44.1936,-55.10892,406
569,6.0,140,203,6,133,90,283,159,72581,1003.3597,60381.278163271,401.738,44.83257,-54.37731,407
570,6.5,192,135,0,19,148,283,171,72467,1001.7838,60381.278145031,660.635,44.44542,-54.66874,408
571,6.1,166,1,1,136,0,284,160,72840,1006.9402,60381.278204711,0.0,44.63575,-55.24404,409
572,6.1,169,72,0,217,100,285,160,73177,1011.5989,60381.278258631,446.375,44.61433,-54.93993,410
573,6.0,82,155,6,122,105,287,159,73594,1017.3635,60381.278325351,468.694,45.26191,-54.58335,411
574,6.0,74,159,5,208,128,290,159,74448,1029.1692,60381.278461992,571.36,45.32115,-54.5659,412
575,6.1,22,71,1,185,38,291,161,74681,1032.3901,60381.278499271,169.623,45.71482,-54.94124,413
576,6.0,188,126,0,91,143,298,159,76379,1055.8633,60381.278770951,638.316,44.47467,-54.70757,414
577,6.0,116,85,7,89,68,303,159,77657,1073.5304,60381.278975431,303.535,45.01041,-54.88465,415
578,6.1,53,122,5,142,113,308,161,78990,1091.9578,60381.279188711,504.404,45.47912,-54.72412,416
579,6.1,53,122,5,142,114,308,160,78990,1091.9578,60381.279188711,508.868,45.47912,-54.72412,416
580,6.0,53,122,5,142,115,308,159,78990,1091.9578,60381.279188711,513.331,45.47912,-54.72412,416
581,6.1,178,213,5,244,138,311,160,79860,1103.9846,60381.279327911,615.998,44.55295,-54.33349,417
582,6.0,208,86,1,66,148,314,158,80450,1112.1407,60381.279422311,660.635,44.32378,-54.87843,418
583,6.1,108,11,6,85,149,314,160,80469,1112.4034,60381.279425351,665.099,45.0724,-55.20158,419
584,6.0,8,3,0,7,21,324,158,82951,1146.7146,60381.279822471,93.739,45.82741,-55.23141,420
585,6.0,156,53,1,74,60,324,158,83018,1147.6409,60381.279833192,267.825,44.71127,-55.02165,421
586,6.0,85,126,0,63,89,325,158,83263,1151.0277,60381.279872391,397.274,45.24056,-54.7081,422
587,6.0,191,175,1,247,93,331,158,84983,1174.805,60381.280147592,415.129,44.45498,-54.49673,423
588,6.2,100,233,0,30,99,331,163,84766,1171.8052,60381.280112871,441.911,45.12751,-54.24776,424
589,6.2,234,179,0,82,160,334,162,85586,1183.1409,60381.280244071,714.2,44.13783,-54.47727,425
590,6.1,239,194,5,21,40,335,160,85781,1185.8365,60381.280275271,178.55,44.10238,-54.41235,426
591,6.3,239,194,3,21,41,335,165,85781,1185.8365,60381.280275271,183.014,44.10238,-54.41235,426
592,6.3,238,194,3,22,42,335,165,85782,1185.8503,60381.280275431,187.478,44.10975,-54.41241,426
593,6.5,239,194,4,22,42,335,171,85782,1185.8503,60381.280275431,187.478,44.10238,-54.41235,426
594,6.3,238,194,3,23,43,335,166,85783,1185.8641,60381.280275591,191.941,44.10975,-54.41241,426
595,6.9,239,194,3,22,43,335,182,85782,1185.8503,60381.280275431,191.941,44.10238,-54.41235,426
596,6.3,239,194,3,23,44,335,167,85783,1185.8641,60381.280275591,196.405,44.10238,-54.41235,426
597,6.2,2,205,0,195,145,336,163,86211,1191.7809,60381.280344071,647.244,45.85171,-54.36383,427
