,SNR,lpix,mpix,boxc_width,time,dm,iblk,rawsn,total_sample,obstime_sec,mjd,dm_pccm3,ra_deg,dec_deg,cluster_id,spatial_id,mSNR,mSlope,mSlopeSmooth,lpix_rms,mpix_rms,num_samps,centl,centm,num_spatial,PSR_name,PSR_sep,RACS_name,RACS_sep,NEW_name,NEW_sep
3,16.7,10,26,1,103,77,0,522,103,1.4239,60424.607890311,296.241,193.36867,-64.38257,3,-1,1.0,0.0,0.0,0.888,0.455,98,10.52,25.76,1,,,,,,
4,19.1,11,26,0,187,77,0,597,187,2.5851,60424.607903751,296.241,193.35872,-64.38268,4,-1,1.0,0.0,0.0,0.863,0.477,105,10.59,25.66,1,,,,,,
5,11.8,10,25,0,131,78,0,371,131,1.8109,60424.607894791,300.088,193.36885,-64.38684,5,-1,1.0,0.0,0.0,0.806,0.509,24,10.29,25.46,1,,,,,,
6,12.6,10,25,0,159,77,0,394,159,2.198,60424.607899271,296.241,193.36885,-64.38684,6,-1,1.0,0.0,0.0,0.844,0.487,44,10.59,25.64,1,,,,,,
7,6.4,10,25,1,46,74,0,199,46,0.6359,60424.607881191,284.699,193.36885,-64.38684,7,-1,1.0,0.0,0.0,0.548,0.548,6,10.5,25.5,1,,,,,,
8,6.9,10,25,0,243,77,0,217,243,3.3592,60424.607912711,296.241,193.36885,-64.38684,8,-1,1.0,0.0,0.0,0.0,0.0,4,10.0,25.0,1,,,,,,
9,7.9,10,25,3,135,81,0,248,135,1.8662,60424.607895431,311.63,193.36885,-64.38684,9,-1,1.0,0.0,0.0,0.515,0.289,12,10.42,25.08,1,,,,,,
11,19.7,10,26,1,156,77,1,616,412,5.6955,60424.607939751,296.241,193.36867,-64.38257,11,-1,1.0,0.0,0.0,0.917,0.451,139,10.42,25.72,1,,,,,,
12,17.8,10,25,1,16,77,1,556,272,3.7601,60424.607917351,296.241,193.36885,-64.38684,12,-1,1.0,0.0,0.0,0.817,0.395,105,10.29,25.19,1,,,,,,
13,14.2,10,26,1,128,77,1,445,384,5.3084,60424.607935271,296.241,193.36867,-64.38257,13,-1,1.0,0.0,0.0,0.68,0.422,62,10.35,25.77,1,,,,,,
14,12.4,10,25,1,72,77,1,388,328,4.5343,60424.607926311,296.241,193.36885,-64.38684,14,-1,1.0,0.0,0.0,0.747,0.423,53,10.02,25.23,1,,,,,,
15,13.1,10,26,0,184,77,1,411,440,6.0826,60424.607944231,296.241,193.36867,-64.38257,15,-1,1.0,0.0,0.0,0.834,0.44,51,10.49,25.75,1,,,,,,
16,14.2,10,25,0,212,77,1,446,468,6.4696,60424.607948711,296.241,193.36885,-64.38684,16,-1,1.0,0.0,0.0,0.667,0.334,56,10.25,25.12,1,,,,,,
17,8.8,10,25,1,44,78,1,277,300,4.1472,60424.607921831,300.088,193.36885,-64.38684,17,-1,1.0,0.0,0.0,0.704,0.507,15,9.93,25.4,1,,,,,,
22,6.2,108,187,7,172,244,1,194,428,5.9167,60424.607942311,938.738,192.3893,-63.69779,22,-1,1.0,0.0,0.0,0.0,0.0,3,108.0,187.0,1,,,,,,
24,7.2,79,185,1,73,252,1,227,329,4.5481,60424.607926471,969.516,192.67068,-63.70551,24,-1,1.0,0.0,0.0,0.48,0.277,13,78.69,185.08,1,,,,,,
25,21.3,10,26,0,9,77,3,667,777,10.7412,60424.607998151,296.241,193.36867,-64.38257,25,-1,1.0,0.0,0.0,0.796,0.47,132,10.48,25.67,1,,,,,,
28,16.4,10,26,0,237,77,2,512,749,10.3542,60424.607993671,296.241,193.36867,-64.38257,28,-1,1.0,0.0,0.0,0.979,0.331,81,10.36,25.88,1,,,,,,
29,9.0,11,25,0,209,77,2,283,721,9.9671,60424.607989191,296.241,193.3589,-64.38695,29,-1,1.0,0.0,0.0,0.522,0.522,12,10.5,25.5,1,,,,,,
30,10.6,11,26,1,125,77,2,331,637,8.8059,60424.607975751,296.241,193.35872,-64.38268,30,-1,1.0,0.0,0.0,0.641,0.0,27,10.44,26.0,1,,,,,,
31,7.3,10,25,1,153,76,2,228,665,9.193,60424.607980231,292.394,193.36885,-64.38684,31,-1,1.0,0.0,0.0,0.0,0.577,3,10.0,25.33,1,,,,,,
32,7.2,11,26,0,181,77,2,224,693,9.58,60424.607984711,296.241,193.35872,-64.38268,32,-1,1.0,0.0,0.0,0.548,0.516,6,10.5,25.67,1,,,,,,
33,6.7,123,94,1,50,223,2,210,562,7.7691,60424.607963751,857.945,192.24446,-64.09785,33,-1,1.0,0.0,0.0,0.577,0.0,3,123.33,94.0,1,,,,,,
35,6.3,194,145,6,169,234,2,198,681,9.4141,60424.607982791,900.265,191.55127,-63.87687,35,-1,1.0,0.0,0.0,0.0,0.577,3,194.0,145.33,1,,,,,,
36,6.1,17,7,6,189,244,2,191,701,9.6906,60424.607985991,938.738,193.30244,-64.46442,36,-1,1.0,0.0,0.0,0.0,0.0,4,17.0,7.0,1,,,,,,
37,6.5,152,163,1,247,245,2,203,759,10.4924,60424.607995271,942.585,191.96172,-63.80111,37,-1,1.0,0.0,0.0,0.0,0.0,3,152.0,163.0,1,,,,,,
40,15.6,10,25,1,66,77,3,489,834,11.5292,60424.608007271,296.241,193.36885,-64.38684,41,-1,1.0,0.0,0.0,0.762,0.503,73,10.32,25.52,1,,,,,,
41,12.7,10,25,1,94,77,3,398,862,11.9163,60424.608011751,296.241,193.36885,-64.38684,42,-1,1.0,0.0,0.0,0.865,0.423,53,10.42,25.23,1,,,,,,
42,12.8,10,26,0,178,78,3,402,946,13.0775,60424.608025191,300.088,193.36867,-64.38257,43,-1,1.0,0.0,0.0,0.804,0.471,26,10.38,25.69,1,,,,,,
43,10.6,10,26,0,122,78,3,333,890,12.3034,60424.608016231,300.088,193.36867,-64.38257,44,-1,1.0,0.0,0.0,0.669,0.301,21,10.38,25.9,1,,,,,,
44,11.6,10,25,0,150,78,3,363,918,12.6904,60424.608020711,300.088,193.36885,-64.38684,45,-1,1.0,0.0,0.0,0.678,0.504,28,10.36,25.43,1,,,,,,
45,11.0,11,26,0,37,77,3,343,805,11.1283,60424.608002631,296.241,193.35872,-64.38268,46,-1,1.0,0.0,0.0,0.651,0.389,12,10.67,25.83,1,,,,,,
46,7.1,11,26,0,206,77,3,223,974,13.4646,60424.608029671,296.241,193.35872,-64.38268,47,-1,1.0,0.0,0.0,0.577,0.0,3,10.33,26.0,1,,,,,,
57,17.7,10,26,1,63,77,4,554,1087,15.0267,60424.608047751,296.241,193.36867,-64.38257,58,-1,1.0,0.0,0.0,0.924,0.485,108,10.07,25.63,1,,,,,,
58,13.3,10,25,0,34,77,4,415,1058,14.6258,60424.608043111,296.241,193.36885,-64.38684,59,-1,1.0,0.0,0.0,0.836,0.431,34,10.29,25.24,1,,,,,,
59,12.7,11,26,1,175,77,4,397,1199,16.575,60424.608065671,296.241,193.35872,-64.38268,60,-1,1.0,0.0,0.0,0.823,0.395,53,10.51,25.81,1,,,,,,
60,15.0,10,26,0,6,77,4,471,1030,14.2387,60424.608038631,296.241,193.36867,-64.38257,61,-1,1.0,0.0,0.0,0.867,0.315,46,10.22,25.89,1,,,,,,
61,12.1,10,26,1,147,77,4,378,1171,16.1879,60424.608061191,296.241,193.36867,-64.38257,62,-1,1.0,0.0,0.0,0.799,0.384,29,10.07,25.83,1,,,,,,
62,11.2,10,25,0,231,77,4,351,1255,17.3491,60424.608074631,296.241,193.36885,-64.38684,63,-1,1.0,0.0,0.0,0.728,0.501,29,10.38,25.41,1,,,,,,
63,10.4,10,26,1,91,77,4,325,1115,15.4138,60424.608052231,296.241,193.36867,-64.38257,64,-1,1.0,0.0,0.0,0.608,0.0,18,10.39,26.0,1,,,,,,
64,7.8,11,25,1,119,77,4,244,1143,15.8008,60424.608056711,296.241,193.3589,-64.38695,65,-1,1.0,0.0,0.0,0.492,0.0,12,10.67,25.0,1,,,,,,
65,10.3,10,25,0,203,77,4,322,1227,16.962,60424.608070151,296.241,193.36885,-64.38684,66,-1,1.0,0.0,0.0,0.883,0.493,17,10.82,25.65,1,,,,,,
67,6.7,136,163,2,219,244,4,209,1243,17.1832,60424.608072711,938.738,192.11742,-63.80135,68,-1,1.0,0.0,0.0,0.0,0.0,6,136.0,163.0,1,,,,,,
72,17.4,10,25,0,87,77,5,545,1367,18.8974,60424.608092551,296.241,193.36885,-64.38684,73,-1,1.0,0.0,0.0,0.827,0.435,112,10.54,25.75,1,,,,,,
73,13.9,10,25,0,0,77,6,435,1536,21.2337,60424.608119591,296.241,193.36885,-64.38684,75,-1,1.0,0.0,0.0,0.792,0.454,50,10.16,25.72,1,,,,,,
76,6.5,209,133,6,67,231,5,203,1347,18.6209,60424.608089351,888.723,191.40349,-63.92746,78,-1,1.0,0.0,0.0,0.0,0.0,9,209.0,133.0,1,,,,,,
78,6.5,146,153,7,214,245,5,202,1494,20.6531,60424.608112871,942.585,192.01982,-63.84427,80,-1,1.0,0.0,0.0,0.0,0.0,3,146.0,153.0,1,,,,,,
84,18.6,10,25,1,85,77,6,581,1621,22.4087,60424.608133191,296.241,193.36885,-64.38684,86,-1,1.0,0.0,0.0,0.972,0.333,119,10.55,25.13,1,,,,,,
85,13.9,10,25,1,113,77,6,435,1649,22.7958,60424.608137671,296.241,193.36885,-64.38684,87,-1,1.0,0.0,0.0,0.808,0.391,65,10.42,25.82,1,,,,,,
87,15.7,10,25,0,28,77,6,492,1564,21.6207,60424.608124071,296.241,193.36885,-64.38684,89,-1,1.0,0.0,0.0,0.76,0.364,71,10.37,25.85,1,,,,,,
88,18.2,10,25,0,56,77,6,570,1592,22.0078,60424.608128551,296.241,193.36885,-64.38684,90,-1,1.0,0.0,0.0,0.888,0.478,53,10.43,25.66,1,,,,,,
89,8.5,10,26,1,225,77,6,265,1761,24.3441,60424.608155591,296.241,193.36867,-64.38257,91,-1,1.0,0.0,0.0,0.505,0.0,11,10.36,26.0,1,,,,,,
90,7.8,10,26,0,196,76,6,243,1732,23.9432,60424.608150951,292.394,193.36867,-64.38257,92,-1,1.0,0.0,0.0,0.527,0.333,9,10.56,25.89,1,,,,,,
91,6.9,11,26,0,253,78,6,216,1789,24.7311,60424.608160071,300.088,193.35872,-64.38268,93,-1,1.0,0.0,0.0,0.548,0.0,5,10.6,26.0,1,,,,,,
94,6.6,29,12,4,124,212,6,206,1660,22.9478,60424.608139431,815.625,193.18199,-64.44424,96,-1,1.0,0.0,0.0,0.0,0.0,5,29.0,12.0,1,,,,,,
95,6.5,213,58,0,241,245,6,202,1777,24.5652,60424.608158151,942.585,191.35487,-64.24882,97,-1,1.0,0.0,0.0,0.0,0.0,5,213.0,58.0,1,,,,,,
99,8.2,11,25,0,222,77,7,256,2014,27.8415,60424.608196071,296.241,193.3589,-64.38695,101,-1,1.0,0.0,0.0,0.519,0.519,13,10.46,25.46,1,,,,,,
100,8.3,10,26,0,250,77,7,260,2042,28.2286,60424.608200551,296.241,193.36867,-64.38257,102,-1,1.0,0.0,0.0,0.535,0.463,8,10.5,25.25,1,,,,,,
111,14.3,10,25,1,191,77,8,447,2239,30.9519,60424.608232071,296.241,193.36885,-64.38684,113,-1,1.0,0.0,0.0,0.824,0.497,67,10.33,25.42,1,,,,,,
112,15.2,10,25,0,78,77,8,477,2126,29.3898,60424.608213991,296.241,193.36885,-64.38684,114,-1,1.0,0.0,0.0,0.946,0.412,75,10.41,25.21,1,,,,,,
113,10.1,10,25,1,247,77,8,315,2295,31.7261,60424.608241031,296.241,193.36885,-64.38684,115,-1,1.0,0.0,0.0,0.586,0.3,41,10.39,25.1,1,,,,,,
114,9.8,10,25,0,22,77,8,306,2070,28.6157,60424.608205031,296.241,193.36885,-64.38684,116,-1,1.0,0.0,0.0,0.652,0.504,26,10.23,25.42,1,,,,,,
115,12.3,10,25,0,50,77,8,385,2098,29.0028,60424.608209511,296.241,193.36885,-64.38684,117,-1,1.0,0.0,0.0,0.884,0.43,26,10.31,25.23,1,,,,,,
116,11.1,10,25,1,107,78,8,347,2155,29.7907,60424.608218631,300.088,193.36885,-64.38684,118,-1,1.0,0.0,0.0,0.721,0.482,24,10.21,25.33,1,,,,,,
117,11.0,10,25,1,219,77,8,343,2267,31.339,60424.608236551,296.241,193.36885,-64.38684,119,-1,1.0,0.0,0.0,0.774,0.213,22,10.14,24.95,1,,,,,,
118,6.9,10,25,1,135,77,8,215,2183,30.1778,60424.608223111,296.241,193.36885,-64.38684,120,-1,1.0,0.0,0.0,0.577,0.5,4,10.5,25.25,1,,,,,,
129,19.0,10,25,0,103,77,9,594,2407,33.2744,60424.608258951,296.241,193.36885,-64.38684,131,-1,1.0,0.0,0.0,0.846,0.498,97,10.31,25.57,1,,,,,,
130,17.2,10,25,0,75,77,9,537,2379,32.8873,60424.608254471,296.241,193.36885,-64.38684,132,-1,1.0,0.0,0.0,0.852,0.502,98,10.49,25.51,1,,,,,,
131,18.1,10,25,0,131,77,9,568,2435,33.6614,60424.608263431,296.241,193.36885,-64.38684,133,-1,1.0,0.0,0.0,0.86,0.294,95,10.35,25.09,1,,,,,,
132,8.6,10,26,1,159,76,9,268,2463,34.0485,60424.608267911,292.394,193.36867,-64.38257,134,-1,1.0,0.0,0.0,0.686,0.47,17,10.29,25.71,1,,,,,,
133,6.9,10,25,1,188,78,9,217,2492,34.4494,60424.608272551,300.088,193.36885,-64.38684,135,-1,1.0,0.0,0.0,0.548,0.0,6,10.5,25.0,1,,,,,,
143,13.4,10,25,0,156,77,10,419,2716,37.546,60424.608308391,296.241,193.36882,-64.38684,146,-1,1.0,0.0,0.0,0.831,0.471,47,10.51,25.32,1,,,,,,
144,9.9,10,26,0,16,78,10,311,2576,35.6106,60424.608285991,300.088,193.36864,-64.38257,147,-1,1.0,0.0,0.0,0.597,0.229,19,10.37,25.95,1,,,,,,
145,9.0,10,25,0,128,77,10,283,2688,37.1589,60424.608303911,296.241,193.36882,-64.38684,148,-1,1.0,0.0,0.0,0.598,0.359,21,10.43,25.14,1,,,,,,
146,7.5,10,26,1,44,77,10,235,2604,35.9977,60424.608290471,296.241,193.36864,-64.38257,149,-1,1.0,0.0,0.0,0.548,0.0,6,10.5,26.0,1,,,,,,
156,17.8,11,26,0,153,77,11,558,2969,41.0435,60424.608348871,296.241,193.35869,-64.38268,159,-1,1.0,0.0,0.0,0.802,0.497,113,10.54,25.42,1,,,,,,
157,14.7,11,26,1,69,77,11,461,2885,39.8822,60424.608335431,296.241,193.35869,-64.38268,160,-1,1.0,0.0,0.0,0.845,0.423,87,10.77,25.77,1,,,,,,
159,9.9,11,26,1,238,78,11,309,3054,42.2185,60424.608362471,300.088,193.35869,-64.38268,162,-1,1.0,0.0,0.0,0.653,0.0,32,10.66,26.0,1,,,,,,
160,10.2,10,26,0,124,76,11,319,2940,40.6426,60424.608344231,292.394,193.36864,-64.38257,163,-1,1.0,0.0,0.0,0.831,0.498,21,10.24,25.62,1,,,,,,
161,11.0,11,26,1,210,77,11,343,3026,41.8314,60424.608357991,296.241,193.35869,-64.38268,164,-1,1.0,0.0,0.0,0.869,0.51,22,10.23,25.45,1,,,,,,
167,17.0,11,26,1,38,77,12,532,3110,42.9926,60424.608371431,296.241,193.35869,-64.38268,170,-1,1.0,0.0,0.0,0.869,0.395,89,10.71,25.81,1,,,,,,
168,12.9,11,26,0,122,77,12,403,3194,44.1539,60424.608384871,296.241,193.35869,-64.38268,171,-1,1.0,0.0,0.0,0.693,0.484,37,10.73,25.65,1,,,,,,
169,14.7,10,25,1,66,77,12,461,3138,43.3797,60424.608375911,296.241,193.36882,-64.38684,172,-1,1.0,0.0,0.0,0.835,0.404,55,10.45,25.8,1,,,,,,
170,8.9,11,26,0,150,77,12,278,3222,44.5409,60424.608389351,296.241,193.35869,-64.38268,173,-1,1.0,0.0,0.0,0.492,0.0,12,10.67,26.0,1,,,,,,
171,7.8,10,25,1,95,78,12,244,3167,43.7806,60424.608380551,300.088,193.36882,-64.38684,174,-1,1.0,0.0,0.0,0.516,0.516,16,10.5,25.5,1,,,,,,
172,6.3,10,25,1,10,77,12,198,3082,42.6056,60424.608366951,296.241,193.36882,-64.38684,175,-1,1.0,0.0,0.0,0.577,0.0,3,10.33,25.0,1,,,,,,
181,6.2,64,118,1,243,255,12,193,3315,45.8266,60424.608404231,981.058,192.82253,-63.99302,184,-1,1.0,0.0,0.0,0.0,0.0,3,64.0,118.0,1,,,,,,
184,15.7,11,26,1,91,77,13,492,3419,47.2643,60424.608420871,296.241,193.35869,-64.38268,187,-1,1.0,0.0,0.0,0.835,0.0,91,10.53,26.0,1,,,,,,
185,17.1,11,26,1,35,77,13,534,3363,46.4901,60424.608411911,296.241,193.35869,-64.38268,188,-1,1.0,0.0,0.0,0.83,0.45,101,10.55,25.72,1,,,,,,
186,14.6,11,26,0,231,77,13,456,3559,49.1996,60424.608443271,296.241,193.35869,-64.38268,190,-1,1.0,0.0,0.0,0.958,0.339,84,10.74,25.87,1,,,,,,
187,14.8,10,26,1,7,77,13,463,3335,46.103,60424.608407431,296.241,193.36864,-64.38257,191,-1,1.0,0.0,0.0,0.956,0.373,85,10.42,25.84,1,,,,,,
188,14.9,11,26,0,119,77,13,466,3447,47.6513,60424.608425351,296.241,193.35869,-64.38268,192,-1,1.0,0.0,0.0,0.934,0.485,66,10.67,25.64,1,,,,,,
189,17.1,11,26,0,147,77,13,535,3475,48.0384,60424.608429831,296.241,193.35869,-64.38268,193,-1,1.0,0.0,0.0,0.829,0.415,51,10.59,25.78,1,,,,,,
190,9.5,10,26,0,203,77,13,298,3531,48.8125,60424.608438791,296.241,193.36864,-64.38257,194,-1,1.0,0.0,0.0,0.522,0.0,12,10.5,26.0,1,,,,,,
191,6.9,11,26,0,175,77,13,215,3503,48.4255,60424.608434311,296.241,193.35869,-64.38268,195,-1,1.0,0.0,0.0,0.447,0.447,5,10.2,25.2,1,,,,,,
196,15.4,11,25,1,88,77,14,483,3672,50.7617,60424.608461351,296.241,193.35887,-64.38695,202,-1,1.0,0.0,0.0,0.876,0.53,60,10.75,25.42,1,,,,,,
197,13.7,11,26,1,32,77,14,429,3616,49.9876,60424.608452391,296.241,193.35869,-64.38268,203,-1,1.0,0.0,0.0,0.847,0.504,49,10.69,25.53,1,,,,,,
198,12.4,10,26,1,4,77,14,388,3588,49.6005,60424.608447911,296.241,193.36864,-64.38257,204,-1,1.0,0.0,0.0,0.845,0.508,31,10.23,25.52,1,,,,,,
199,10.8,11,26,1,60,77,14,339,3644,50.3747,60424.608456871,296.241,193.35869,-64.38268,205,-1,1.0,0.0,0.0,0.723,0.448,28,10.68,25.86,1,,,,,,
200,10.8,10,25,0,200,77,14,339,3784,52.31,60424.608479271,296.241,193.36882,-64.38684,206,-1,1.0,0.0,0.0,0.634,0.351,29,10.52,25.14,1,,,,,,
201,8.4,11,26,0,172,77,14,262,3756,51.9229,60424.608474791,296.241,193.35869,-64.38268,207,-1,1.0,0.0,0.0,0.516,0.512,16,10.5,25.56,1,,,,,,
202,10.1,11,26,0,228,77,14,316,3812,52.6971,60424.608483751,296.241,193.35869,-64.38268,208,-1,1.0,0.0,0.0,0.522,0.0,12,10.5,26.0,1,,,,,,
210,17.0,11,26,0,253,77,15,532,4093,56.5816,60424.608528711,296.241,193.35869,-64.38268,216,-1,1.0,0.0,0.0,0.882,0.466,93,10.7,25.69,1,,,,,,
211,15.0,11,25,1,57,77,15,471,3897,53.8721,60424.608497351,296.241,193.35887,-64.38695,217,-1,1.0,0.0,0.0,0.816,0.44,51,10.67,25.25,1,,,,,,
212,13.2,11,26,0,197,77,15,413,4037,55.8075,60424.608519751,296.241,193.35869,-64.38268,218,-1,1.0,0.0,0.0,0.758,0.446,38,10.58,25.74,1,,,,,,
217,12.3,11,26,1,25,76,16,386,4121,56.9687,60424.608533191,292.394,193.35869,-64.38268,223,-1,1.0,0.0,0.0,0.915,0.329,47,10.66,26.02,1,,,,,,
218,13.9,10,25,0,250,77,16,436,4346,60.0791,60424.608569191,296.241,193.36882,-64.38684,224,-1,1.0,0.0,0.0,0.727,0.501,42,10.36,25.57,1,,,,,,
219,14.7,10,25,1,110,77,16,460,4206,58.1437,60424.608546791,296.241,193.36882,-64.38684,225,-1,1.0,0.0,0.0,0.891,0.492,64,10.48,25.39,1,,,,,,
220,18.3,11,26,1,138,77,16,572,4234,58.5308,60424.608551271,296.241,193.35869,-64.38268,226,-1,1.0,0.0,0.0,0.882,0.494,81,10.48,25.59,1,,,,,,
221,14.9,11,26,1,82,77,16,468,4178,57.7567,60424.608542311,296.241,193.35869,-64.38268,227,-1,1.0,0.0,0.0,0.88,0.483,51,10.51,25.35,1,,,,,,
222,11.6,11,26,0,194,77,16,363,4290,59.305,60424.608560231,296.241,193.35869,-64.38268,228,-1,1.0,0.0,0.0,0.86,0.507,35,10.71,25.49,1,,,,,,
223,12.0,10,25,1,54,77,16,376,4150,57.3696,60424.608537831,296.241,193.36882,-64.38684,229,-1,1.0,0.0,0.0,0.797,0.226,38,10.53,25.05,1,,,,,,
224,10.6,10,25,0,166,77,16,332,4262,58.9179,60424.608555751,296.241,193.36882,-64.38684,230,-1,1.0,0.0,0.0,0.634,0.418,28,10.43,25.21,1,,,,,,
225,7.4,10,26,0,222,77,16,232,4318,59.692,60424.608564711,296.241,193.36864,-64.38257,231,-1,1.0,0.0,0.0,0.548,0.0,5,10.4,26.0,1,,,,,,
226,7.2,11,26,6,148,87,16,225,4244,58.6691,60424.608552871,334.714,193.35869,-64.38268,232,-1,1.0,0.0,0.0,0.527,0.527,9,10.56,25.56,1,,,,,,
227,6.3,109,88,3,243,93,16,196,4339,59.9823,60424.608568071,357.798,192.38235,-64.12343,233,-1,1.0,0.0,0.0,0.0,0.0,3,109.0,88.0,1,,,,,,
234,13.7,11,26,1,107,77,17,428,4459,61.6412,60424.608587271,296.241,193.35869,-64.38268,240,-1,1.0,0.0,0.0,0.796,0.405,69,10.55,25.8,1,,,,,,
235,14.4,10,25,1,79,77,17,452,4431,61.2541,60424.608582791,296.241,193.36882,-64.38684,241,-1,1.0,0.0,0.0,0.839,0.502,71,10.42,25.46,1,,,,,,
236,14.0,11,26,0,22,77,17,438,4374,60.4662,60424.608573671,296.241,193.35869,-64.38268,242,-1,1.0,0.0,0.0,0.779,0.235,52,10.52,25.94,1,,,,,,
237,14.8,11,26,0,247,77,17,462,4599,63.5766,60424.608609671,296.241,193.35869,-64.38268,243,-1,1.0,0.0,0.0,0.895,0.496,68,10.72,25.41,1,,,,,,
238,11.3,10,25,1,135,77,17,354,4487,62.0283,60424.608591751,296.241,193.36882,-64.38684,244,-1,1.0,0.0,0.0,0.804,0.485,42,10.81,25.36,1,,,,,,
246,17.9,10,25,0,244,77,18,560,4852,67.0741,60424.608650151,296.241,193.36882,-64.38684,254,-1,1.0,0.0,0.0,0.898,0.495,99,10.22,25.41,1,,,,,,
247,18.5,10,25,0,75,77,18,578,4683,64.7378,60424.608623111,296.241,193.36882,-64.38684,255,-1,1.0,0.0,0.0,0.997,0.473,97,10.41,25.67,1,,,,,,
248,14.9,10,25,1,104,77,18,465,4712,65.1387,60424.608627751,296.241,193.36882,-64.38684,256,-1,1.0,0.0,0.0,0.817,0.256,58,10.22,25.07,1,,,,,,
249,8.1,11,26,1,132,77,18,253,4740,65.5258,60424.608632231,296.241,193.35869,-64.38268,257,-1,1.0,0.0,0.0,0.5,0.527,9,10.67,25.56,1,,,,,,
250,8.2,10,25,0,216,77,18,257,4824,66.687,60424.608645671,296.241,193.36882,-64.38684,258,-1,1.0,0.0,0.0,0.514,0.469,14,10.43,25.71,1,,,,,,
251,8.8,10,26,0,160,78,18,274,4768,65.9128,60424.608636711,300.088,193.36864,-64.38257,259,-1,1.0,0.0,0.0,0.577,0.515,12,10.17,25.42,1,,,,,,
265,21.1,10,25,0,44,77,19,662,4908,67.8482,60424.608659111,296.241,193.36882,-64.38684,273,-1,1.0,0.0,0.0,0.979,0.466,121,10.6,25.31,1,,,,,,
266,18.3,10,25,0,16,77,19,573,4880,67.4611,60424.608654631,296.241,193.36882,-64.38684,274,-1,1.0,0.0,0.0,0.872,0.39,92,10.36,25.18,1,,,,,,
267,16.1,10,25,0,72,77,19,505,4936,68.2353,60424.608663591,296.241,193.36882,-64.38684,275,-1,1.0,0.0,0.0,0.943,0.446,82,10.27,25.27,1,,,,,,
268,15.6,11,26,1,101,77,19,487,4965,68.6362,60424.608668231,296.241,193.35869,-64.38268,276,-1,1.0,0.0,0.0,0.92,0.498,66,10.65,25.42,1,,,,,,
269,12.4,10,25,1,213,77,19,389,5077,70.1844,60424.608686151,296.241,193.36882,-64.38684,277,-1,1.0,0.0,0.0,0.866,0.447,45,10.42,25.27,1,,,,,,
270,8.2,11,26,0,185,78,19,257,5049,69.7974,60424.608681671,300.088,193.35869,-64.38268,278,-1,1.0,0.0,0.0,0.535,0.0,8,10.5,26.0,1,,,,,,
275,20.9,10,25,1,182,77,20,653,5302,73.2948,60424.608722151,296.241,193.36882,-64.38684,283,-1,1.0,0.0,0.0,0.922,0.422,131,10.37,25.23,1,,,,,,
276,15.4,10,26,0,237,76,20,481,5357,74.0552,60424.608730951,292.394,193.36864,-64.38257,284,-1,1.0,0.0,0.0,0.791,0.242,81,10.33,25.94,1,,,,,,
277,14.3,11,26,0,69,77,20,448,5189,71.7327,60424.608704071,296.241,193.35869,-64.38268,285,-1,1.0,0.0,0.0,0.779,0.493,51,10.59,25.39,1,,,,,,
278,12.8,10,25,1,126,78,20,402,5246,72.5207,60424.608713191,300.088,193.36882,-64.38684,286,-1,1.0,0.0,0.0,0.814,0.49,50,10.5,25.62,1,,,,,,
279,14.7,11,26,0,41,77,20,460,5161,71.3457,60424.608699591,296.241,193.35869,-64.38268,287,-1,1.0,0.0,0.0,0.77,0.423,40,10.65,25.78,1,,,,,,
280,13.2,11,26,0,13,77,20,414,5133,70.9586,60424.608695111,296.241,193.35869,-64.38268,288,-1,1.0,0.0,0.0,0.732,0.487,36,10.42,25.64,1,,,,,,
281,11.5,10,26,1,98,77,20,359,5218,72.1336,60424.608708711,296.241,193.36864,-64.38257,289,-1,1.0,0.0,0.0,0.68,0.402,21,10.19,25.81,1,,,,,,
288,6.2,119,179,4,105,231,20,194,5225,72.2304,60424.608709831,888.723,192.2827,-63.73242,296,-1,1.0,0.0,0.0,0.0,0.0,3,119.0,179.0,1,,,,,,
289,18.8,10,25,1,123,77,21,590,5499,76.0182,60424.608753671,296.241,193.36882,-64.38684,297,-1,1.0,0.0,0.0,0.821,0.275,110,10.51,25.08,1,,,,,,
290,19.5,10,25,0,94,77,21,610,5470,75.6173,60424.608749031,296.241,193.36882,-64.38684,298,-1,1.0,0.0,0.0,0.889,0.401,101,10.3,25.14,1,,,,,,
291,17.8,10,25,0,38,77,21,557,5414,74.8431,60424.608740071,296.241,193.36882,-64.38684,299,-1,1.0,0.0,0.0,0.871,0.457,79,10.42,25.71,1,,,,,,
292,18.5,10,25,1,179,77,21,579,5555,76.7923,60424.608762631,296.241,193.36882,-64.38684,300,-1,1.0,0.0,0.0,0.949,0.486,118,10.46,25.37,1,,,,,,
293,14.8,10,25,0,66,77,21,463,5442,75.2302,60424.608744551,296.241,193.36882,-64.38684,301,-1,1.0,0.0,0.0,0.872,0.0,72,10.49,25.0,1,,,,,,
294,12.2,10,25,1,207,77,21,383,5583,77.1794,60424.608767111,296.241,193.36882,-64.38684,302,-1,1.0,0.0,0.0,0.745,0.149,45,10.11,25.02,1,,,,,,
295,10.0,10,25,0,235,77,21,314,5611,77.5665,60424.608771591,296.241,193.36882,-64.38684,303,-1,1.0,0.0,0.0,0.618,0.493,17,10.41,25.35,1,,,,,,
296,8.6,11,25,0,10,78,21,269,5386,74.4561,60424.608735591,300.088,193.35887,-64.38695,304,-1,1.0,0.0,0.0,0.675,0.527,10,10.7,25.5,1,,,,,,
301,6.4,57,127,3,171,240,21,200,5547,76.6817,60424.608761351,923.349,192.89018,-63.95393,309,-1,1.0,0.0,0.0,0.0,0.0,7,57.0,127.0,1,,,,,,
308,19.5,10,25,1,204,77,22,609,5836,80.6769,60424.608807591,296.241,193.36879,-64.38684,316,-1,1.0,0.0,0.0,0.898,0.383,102,10.25,25.18,1,,,,,,
309,12.9,10,25,1,176,77,22,405,5808,80.2898,60424.608803111,296.241,193.36879,-64.38684,317,-1,1.0,0.0,0.0,0.834,0.498,64,10.45,25.42,1,,,,,,
310,17.3,10,25,1,232,77,22,542,5864,81.0639,60424.608812071,296.241,193.36879,-64.38684,318,-1,1.0,0.0,0.0,0.916,0.418,81,10.38,25.22,1,,,,,,
311,13.9,10,25,0,147,77,22,436,5779,79.8889,60424.608798471,296.241,193.36879,-64.38684,319,-1,1.0,0.0,0.0,0.759,0.444,57,10.49,25.74,1,,,,,,
312,11.5,10,26,0,35,77,22,359,5667,78.3406,60424.608780551,296.241,193.36859,-64.38257,320,-1,1.0,0.0,0.0,0.774,0.422,36,10.47,25.78,1,,,,,,
313,10.5,10,25,0,91,77,22,329,5723,79.1148,60424.608789511,296.241,193.36879,-64.38684,321,-1,1.0,0.0,0.0,0.816,0.488,15,10.33,25.33,1,,,,,,
314,7.2,10,25,0,63,77,22,226,5695,78.7277,60424.608785031,296.241,193.36879,-64.38684,322,-1,1.0,0.0,0.0,0.577,0.0,3,10.33,25.0,1,,,,,,
315,7.5,10,25,1,120,77,22,234,5752,79.5156,60424.608794151,296.241,193.36879,-64.38684,323,-1,1.0,0.0,0.0,0.548,0.0,5,10.4,25.0,1,,,,,,
321,6.1,184,0,5,255,255,22,190,5887,81.3819,60424.608815751,981.058,191.6368,-64.4985,329,-1,1.0,0.0,0.0,0.0,0.0,3,184.0,0.0,1,,,,,,
322,17.9,10,25,0,144,77,23,561,6032,83.3864,60424.608838951,296.241,193.36879,-64.38684,330,-1,1.0,0.0,0.0,0.909,0.484,132,10.27,25.32,1,,,,,,
323,16.9,11,26,1,201,77,23,530,6089,84.1743,60424.608848071,296.241,193.35866,-64.38268,331,-1,1.0,0.0,0.0,0.827,0.371,123,10.6,25.16,1,,,,,,
324,15.3,10,25,0,60,77,23,478,5948,82.2252,60424.608825511,296.241,193.36879,-64.38684,333,-1,1.0,0.0,0.0,0.776,0.473,76,10.34,25.33,1,,,,,,
325,15.2,10,25,0,116,77,23,477,6004,82.9993,60424.608834471,296.241,193.36879,-64.38684,334,-1,1.0,0.0,0.0,0.751,0.422,50,10.26,25.16,1,,,,,,
326,7.3,10,26,1,173,77,23,229,6061,83.7873,60424.608843591,296.241,193.36859,-64.38257,335,-1,1.0,0.0,0.0,0.535,0.488,7,10.57,25.71,1,,,,,,
327,8.8,10,25,0,88,77,23,277,5976,82.6122,60424.608829991,296.241,193.36879,-64.38684,336,-1,1.0,0.0,0.0,0.535,0.535,7,10.43,25.43,1,,,,,,
336,19.9,11,26,0,141,77,24,623,6285,86.8838,60424.608879431,296.241,193.35866,-64.38268,345,-1,1.0,0.0,0.0,0.988,0.41,104,10.68,25.79,1,,,,,,
337,14.8,11,26,0,85,77,24,462,6229,86.1097,60424.608870471,296.241,193.35866,-64.38268,346,-1,1.0,0.0,0.0,0.93,0.249,80,10.71,25.96,1,,,,,,
338,14.6,11,26,1,226,77,24,458,6370,88.0589,60424.608893031,296.241,193.35866,-64.38268,347,-1,1.0,0.0,0.0,0.824,0.244,64,10.64,25.94,1,,,,,,
339,11.2,11,26,0,169,77,24,351,6313,87.2709,60424.608883911,296.241,193.35866,-64.38268,348,-1,1.0,0.0,0.0,0.736,0.272,26,10.69,25.92,1,,,,,,
340,13.8,10,25,0,57,77,24,432,6201,85.7226,60424.608865991,296.241,193.36879,-64.38684,349,-1,1.0,0.0,0.0,0.903,0.506,43,10.4,25.49,1,,,,,,
341,7.7,10,26,1,254,77,24,240,6398,88.446,60424.608897511,296.241,193.36859,-64.38257,350,-1,1.0,0.0,0.0,0.675,0.483,10,10.7,25.7,1,,,,,,
342,8.8,10,26,0,29,77,24,275,6173,85.3355,60424.608861511,296.241,193.36859,-64.38257,351,-1,1.0,0.0,0.0,0.699,0.0,10,10.4,26.0,1,,,,,,
347,6.4,45,10,1,31,246,24,199,6175,85.3632,60424.608861831,946.432,193.02278,-64.45411,356,-1,1.0,0.0,0.0,0.5,0.816,4,45.25,10.0,1,,,,,,
350,18.6,10,26,1,54,77,25,581,6454,89.2201,60424.608906471,296.241,193.36859,-64.38257,359,-1,1.0,0.0,0.0,0.978,0.301,125,10.35,25.92,1,,,,,,
351,17.1,11,26,0,138,77,25,536,6538,90.3813,60424.608919911,296.241,193.35866,-64.38268,360,-1,1.0,0.0,0.0,0.831,0.418,90,10.39,25.22,1,,,,,,
352,16.3,11,26,0,82,78,25,511,6482,89.6072,60424.608910951,300.088,193.35866,-64.38268,361,-1,1.0,0.0,0.0,0.811,0.278,84,10.57,25.92,1,,,,,,
355,6.2,96,80,7,208,237,25,193,6608,91.349,60424.608931111,911.807,192.51077,-64.15742,364,-1,1.0,0.0,0.0,0.0,0.0,4,96.0,80.0,1,,,,,,
357,6.4,207,165,3,224,256,25,201,6624,91.5702,60424.608933671,984.905,191.42682,-63.78995,366,-1,1.0,0.0,0.0,0.5,0.0,4,206.75,165.0,1,,,,,,
358,19.2,11,26,0,135,77,26,601,6791,93.8788,60424.608960391,296.241,193.35866,-64.38268,367,-1,1.0,0.0,0.0,0.943,0.5,120,10.37,25.54,1,,,,,,
359,20.9,10,26,0,191,77,26,655,6847,94.6529,60424.608969351,296.241,193.36859,-64.38257,368,-1,1.0,0.0,0.0,0.943,0.501,123,10.37,25.54,1,,,,,,
360,15.7,11,26,0,163,77,26,493,6819,94.2659,60424.608964871,296.241,193.35866,-64.38268,369,-1,1.0,0.0,0.0,0.845,0.5,66,10.53,25.44,1,,,,,,
361,10.2,10,25,1,107,77,26,318,6763,93.4917,60424.608955911,296.241,193.36879,-64.38684,370,-1,1.0,0.0,0.0,0.675,0.495,31,10.55,25.61,1,,,,,,
362,9.4,10,26,0,79,78,26,294,6735,93.1046,60424.608951431,300.088,193.36859,-64.38257,371,-1,1.0,0.0,0.0,0.514,0.428,18,10.5,25.78,1,,,,,,
363,8.9,11,25,1,220,78,26,280,6876,95.0538,60424.608973991,300.088,193.35884,-64.38695,372,-1,1.0,0.0,0.0,0.522,0.522,11,10.55,25.55,1,,,,,,
367,6.7,104,67,5,189,252,26,211,6845,94.6253,60424.608969031,969.516,192.4324,-64.21331,376,-1,1.0,0.0,0.0,0.0,0.405,11,104.0,66.82,1,,,,,,
368,6.2,226,90,1,21,255,26,194,6677,92.3028,60424.608942151,981.058,191.23105,-64.11066,377,-1,1.0,0.0,0.0,0.0,0.0,3,226.0,90.0,1,,,,,,
369,6.2,34,0,6,211,254,26,193,6867,94.9294,60424.608972551,977.211,193.13394,-64.49588,378,-1,1.0,0.0,0.0,0.0,0.0,4,34.0,0.0,1,,,,,,
371,14.9,10,25,1,217,78,27,468,7129,98.5513,60424.609014471,300.088,193.36879,-64.38684,380,-1,1.0,0.0,0.0,0.787,0.502,107,10.4,25.52,1,,,,,,
372,16.9,10,25,0,188,77,27,528,7100,98.1504,60424.609009831,296.241,193.36879,-64.38684,381,-1,1.0,0.0,0.0,0.841,0.502,70,10.4,25.54,1,,,,,,
373,12.1,11,26,0,160,77,27,379,7072,97.7633,60424.609005351,296.241,193.35866,-64.38268,382,-1,1.0,0.0,0.0,0.769,0.476,54,10.56,25.67,1,,,,,,
374,9.6,11,25,1,48,77,27,300,6960,96.215,60424.608987431,296.241,193.35884,-64.38695,383,-1,1.0,0.0,0.0,0.696,0.503,20,10.8,25.4,1,,,,,,
375,8.6,10,25,1,244,76,27,269,7156,98.9245,60424.609018791,292.394,193.36879,-64.38684,384,-1,1.0,0.0,0.0,0.522,0.389,12,10.5,25.17,1,,,,,,
376,8.8,10,26,0,104,77,27,275,7016,96.9892,60424.608996391,296.241,193.36859,-64.38257,385,-1,1.0,0.0,0.0,0.535,0.0,7,10.43,26.0,1,,,,,,
382,12.3,10,25,1,17,77,28,384,7185,99.3254,60424.609023431,296.241,193.36879,-64.38684,391,-1,1.0,0.0,0.0,0.626,0.0,45,10.29,25.0,1,,,,,,
383,18.9,10,25,0,157,77,28,591,7325,101.2608,60424.609045831,296.241,193.36879,-64.38684,392,-1,1.0,0.0,0.0,0.871,0.428,84,10.35,25.76,1,,,,,,
384,18.1,11,26,0,185,77,28,566,7353,101.6479,60424.609050311,296.241,193.35866,-64.38268,393,-1,1.0,0.0,0.0,0.808,0.465,81,10.53,25.69,1,,,,,,
385,15.1,10,26,1,73,77,28,474,7241,100.0996,60424.609032391,296.241,193.36859,-64.38257,394,-1,1.0,0.0,0.0,0.894,0.451,51,10.37,25.73,1,,,,,,
386,12.5,11,25,1,45,78,28,392,7213,99.7125,60424.609027911,300.088,193.35884,-64.38695,395,-1,1.0,0.0,0.0,0.652,0.494,48,10.52,25.4,1,,,,,,
387,12.8,11,26,0,101,78,28,401,7269,100.4867,60424.609036871,300.088,193.35866,-64.38268,396,-1,1.0,0.0,0.0,0.683,0.489,33,10.82,25.36,1,,,,,,
388,13.5,10,25,1,129,77,28,424,7297,100.8737,60424.609041351,296.241,193.36879,-64.38684,397,-1,1.0,0.0,0.0,0.867,0.508,33,10.24,25.52,1,,,,,,
389,11.8,10,25,1,242,77,28,369,7410,102.4358,60424.609059431,296.241,193.36879,-64.38684,398,-1,1.0,0.0,0.0,0.923,0.548,28,10.5,25.68,1,,,,,,
390,8.6,10,25,0,213,77,28,269,7381,102.0349,60424.609054791,296.241,193.36879,-64.38684,399,-1,1.0,0.0,0.0,0.548,0.548,5,10.6,25.6,1,,,,,,
392,6.2,190,214,6,194,230,28,193,7362,101.7723,60424.609051751,884.876,191.59676,-63.57975,401,-1,1.0,0.0,0.0,0.0,0.548,5,190.0,213.6,1,,,,,,
394,7.1,142,186,4,105,246,28,223,7273,100.542,60424.609037511,946.432,192.05956,-63.70219,403,-1,1.0,0.0,0.0,0.441,0.0,9,141.78,186.0,1,,,,,,
397,16.3,10,26,1,14,77,29,511,7438,102.8229,60424.609063911,296.241,193.36859,-64.38257,406,-1,1.0,0.0,0.0,0.858,0.312,81,10.3,25.95,1,,,,,,
398,15.0,10,25,1,98,77,29,470,7522,103.9841,60424.609077351,296.241,193.36879,-64.38684,407,-1,1.0,0.0,0.0,0.788,0.488,69,10.38,25.38,1,,,,,,
399,11.2,11,26,1,42,78,29,351,7466,103.21,60424.609068391,300.088,193.35866,-64.38268,408,-1,1.0,0.0,0.0,0.671,0.419,19,10.68,25.79,1,,,,,,
400,8.4,10,26,0,154,78,29,263,7578,104.7583,60424.609086311,300.088,193.36859,-64.38257,409,-1,1.0,0.0,0.0,0.522,0.505,11,10.45,25.36,1,,,,,,
401,7.2,10,25,0,238,77,29,226,7662,105.9195,60424.609099751,296.241,193.36879,-64.38684,410,-1,1.0,0.0,0.0,0.5,0.577,4,10.25,25.5,1,,,,,,
402,7.3,10,25,0,210,77,29,230,7634,105.5324,60424.609095271,296.241,193.36879,-64.38684,411,-1,1.0,0.0,0.0,0.577,0.577,3,10.33,25.33,1,,,,,,
406,6.6,10,26,3,89,64,30,208,7769,107.3987,60424.609116871,246.226,193.36859,-64.38257,416,-1,1.0,0.0,0.0,0.0,0.0,3,10.0,26.0,1,,,,,,
407,12.9,10,25,1,67,77,30,405,7747,107.0945,60424.609113351,296.241,193.36879,-64.38684,417,-1,1.0,0.0,0.0,0.745,0.498,39,10.15,25.41,1,,,,,,
408,12.4,10,25,0,207,77,30,387,7887,109.0299,60424.609135751,296.241,193.36879,-64.38684,418,-1,1.0,0.0,0.0,0.881,0.501,57,10.39,25.44,1,,,,,,
409,9.9,10,26,1,39,78,30,311,7719,106.7075,60424.609108871,300.088,193.36859,-64.38257,419,-1,1.0,0.0,0.0,0.507,0.0,36,10.5,26.0,1,,,,,,
410,11.3,10,25,1,123,77,30,355,7803,107.8687,60424.609122311,296.241,193.36879,-64.38684,420,-1,1.0,0.0,0.0,0.712,0.506,29,10.31,25.55,1,,,,,,
411,14.4,10,25,0,235,77,30,450,7915,109.417,60424.609140231,296.241,193.36879,-64.38684,421,-1,1.0,0.0,0.0,0.834,0.407,54,10.28,25.2,1,,,,,,
412,11.0,10,25,1,179,77,30,343,7859,108.6428,60424.609131271,296.241,193.36879,-64.38684,422,-1,1.0,0.0,0.0,0.87,0.402,21,10.57,25.19,1,,,,,,
413,7.4,10,25,1,11,77,30,231,7691,106.3204,60424.609104391,296.241,193.36879,-64.38684,423,-1,1.0,0.0,0.0,0.548,0.0,5,10.4,25.0,1,,,,,,
416,6.5,121,133,5,77,249,30,205,7757,107.2328,60424.609114951,957.974,192.2637,-63.9304,426,-1,1.0,0.0,0.0,0.0,0.0,5,121.0,133.0,1,,,,,,
418,17.5,10,26,0,7,77,31,548,7943,109.804,60424.609144711,296.241,193.36859,-64.38257,428,-1,1.0,0.0,0.0,0.866,0.494,81,10.33,25.41,1,,,,,,
419,16.4,10,25,1,120,77,31,512,8056,111.3661,60424.609162791,296.241,193.36879,-64.38684,429,-1,1.0,0.0,0.0,0.933,0.454,88,10.56,25.72,1,,,,,,
420,11.7,10,25,1,176,77,31,367,8112,112.1403,60424.609171751,296.241,193.36879,-64.38684,430,-1,1.0,0.0,0.0,0.652,0.504,48,10.5,25.46,1,,,,,,
421,10.2,10,25,1,148,77,31,319,8084,111.7532,60424.609167271,296.241,193.36879,-64.38684,431,-1,1.0,0.0,0.0,0.787,0.513,19,10.21,25.47,1,,,,,,
422,10.2,10,25,0,232,77,31,320,8168,112.9144,60424.609180711,296.241,193.36879,-64.38684,432,-1,1.0,0.0,0.0,0.67,0.384,29,10.34,25.83,1,,,,,,
423,7.1,11,26,1,92,77,31,223,8028,110.9791,60424.609158311,296.241,193.35866,-64.38268,433,-1,1.0,0.0,0.0,0.548,0.548,5,10.6,25.6,1,,,,,,
426,6.5,123,248,6,123,245,31,203,8059,111.4076,60424.609163271,942.585,192.24362,-63.4345,436,-1,1.0,0.0,0.0,0.0,0.0,3,123.0,248.0,1,,,,,,
427,6.0,123,248,7,124,251,31,188,8060,111.4214,60424.609163431,965.669,192.24362,-63.4345,437,-1,1.0,0.0,0.0,0.0,0.0,3,123.0,248.0,1,,,,,,
431,18.2,10,25,0,60,77,32,570,8252,114.0756,60424.609194151,296.241,193.36879,-64.38684,441,-1,1.0,0.0,0.0,0.927,0.388,131,10.27,25.82,1,,,,,,
433,17.2,10,25,1,173,77,32,537,8365,115.6378,60424.609212231,296.241,193.36879,-64.38684,443,-1,1.0,0.0,0.0,0.808,0.471,86,10.51,25.67,1,,,,,,
434,12.5,10,25,1,89,78,32,390,8281,114.4765,60424.609198791,300.088,193.36879,-64.38684,444,-1,1.0,0.0,0.0,0.841,0.492,66,10.59,25.39,1,,,,,,
435,16.1,10,25,1,117,77,32,504,8309,114.8636,60424.609203271,296.241,193.36879,-64.38684,445,-1,1.0,0.0,0.0,0.931,0.499,89,10.35,25.56,1,,,,,,
436,15.4,10,25,1,145,77,32,481,8337,115.2507,60424.609207751,296.241,193.36879,-64.38684,446,-1,1.0,0.0,0.0,0.82,0.506,41,10.32,25.49,1,,,,,,
437,12.1,10,25,1,201,76,32,378,8393,116.0248,60424.609216711,292.394,193.36879,-64.38684,447,-1,1.0,0.0,0.0,0.884,0.355,35,10.43,25.14,1,,,,,,
438,14.4,10,25,0,1,77,33,450,8449,116.799,60424.609225671,296.241,193.36879,-64.38684,448,-1,1.0,0.0,0.0,0.917,0.435,37,10.22,25.24,1,,,,,,
439,7.2,10,25,0,32,77,32,225,8224,113.6886,60424.609189671,296.241,193.36879,-64.38684,449,-1,1.0,0.0,0.0,0.5,0.5,4,10.25,25.25,1,,,,,,
447,19.6,10,25,1,142,77,33,615,8590,118.7482,60424.609248231,296.241,193.36879,-64.38684,457,-1,1.0,0.0,0.0,0.868,0.501,111,10.22,25.53,1,,,,,,
448,18.8,10,25,0,254,77,33,589,8702,120.2964,60424.609266151,296.241,193.36879,-64.38684,459,-1,1.0,0.0,0.0,0.984,0.47,84,10.42,25.32,1,,,,,,
449,10.4,11,25,1,86,77,33,326,8534,117.974,60424.609239271,296.241,193.35884,-64.38695,460,-1,1.0,0.0,0.0,0.653,0.25,31,10.68,25.06,1,,,,,,
450,12.0,10,25,0,198,78,33,376,8646,119.5223,60424.609257191,300.088,193.36879,-64.38684,461,-1,1.0,0.0,0.0,0.686,0.475,37,10.41,25.32,1,,,,,,
451,7.2,10,25,0,29,77,33,226,8477,117.1861,60424.609230151,296.241,193.36879,-64.38684,462,-1,1.0,0.0,0.0,0.816,0.488,7,10.0,25.29,1,,,,,,
452,7.1,10,25,1,114,77,33,221,8562,118.3611,60424.609243751,296.241,193.36879,-64.38684,463,-1,1.0,0.0,0.0,0.548,0.0,5,10.4,25.0,1,,,,,,
453,8.0,10,25,0,226,77,33,249,8674,119.9094,60424.609261671,296.241,193.36879,-64.38684,464,-1,1.0,0.0,0.0,0.548,0.516,6,10.5,25.33,1,,,,,,
457,6.4,1,11,0,18,233,33,200,8466,117.034,60424.609228391,896.418,193.46109,-64.44561,468,-1,1.0,0.0,0.0,0.0,0.0,3,1.0,11.0,1,,,,,,
462,14.6,10,25,1,167,77,34,457,8871,122.6327,60424.609293191,296.241,193.36876,-64.38684,473,-1,1.0,0.0,0.0,0.923,0.497,83,10.31,25.42,1,,,,,,
463,20.1,10,25,0,82,77,34,630,8786,121.4577,60424.609279591,296.241,193.36876,-64.38684,474,-1,1.0,0.0,0.0,0.857,0.483,83,10.42,25.64,1,,,,,,
464,14.2,10,25,0,26,77,34,445,8730,120.6835,60424.609270631,296.241,193.36876,-64.38684,476,-1,1.0,0.0,0.0,0.871,0.476,51,10.37,25.67,1,,,,,,
465,15.1,10,25,1,223,77,34,473,8927,123.4068,60424.609302151,296.241,193.36876,-64.38684,477,-1,1.0,0.0,0.0,0.894,0.503,68,10.35,25.51,1,,,,,,
466,11.5,10,25,0,110,77,34,361,8814,121.8447,60424.609284071,296.241,193.36876,-64.38684,478,-1,1.0,0.0,0.0,0.786,0.462,34,10.44,25.29,1,,,,,,
467,10.5,10,26,1,139,77,34,330,8843,122.2456,60424.609288711,296.241,193.36856,-64.38257,479,-1,1.0,0.0,0.0,0.616,0.485,18,10.44,25.67,1,,,,,,
468,8.0,10,25,1,195,77,34,250,8899,123.0198,60424.609297671,296.241,193.36876,-64.38684,480,-1,1.0,0.0,0.0,0.548,0.408,6,10.5,25.17,1,,,,,,
473,6.3,188,97,3,19,253,34,196,8723,120.5868,60424.609269511,973.363,191.60547,-64.08337,485,-1,1.0,0.0,0.0,0.408,0.408,6,187.83,96.83,1,,,,,,
477,19.6,10,25,0,23,77,35,613,8983,124.181,60424.609311111,296.241,193.36876,-64.38684,490,-1,1.0,0.0,0.0,0.943,0.45,115,10.61,25.28,1,,,,,,
478,17.5,10,25,0,51,77,35,548,9011,124.5681,60424.609315591,296.241,193.36876,-64.38684,491,-1,1.0,0.0,0.0,0.851,0.427,85,10.33,25.24,1,,,,,,
479,18.5,10,25,0,79,77,35,578,9039,124.9551,60424.609320071,296.241,193.36876,-64.38684,492,-1,1.0,0.0,0.0,0.936,0.489,96,10.41,25.39,1,,,,,,
480,12.0,10,25,1,136,77,35,376,9096,125.7431,60424.609329191,296.241,193.36876,-64.38684,493,-1,1.0,0.0,0.0,0.834,0.245,48,10.33,25.06,1,,,,,,
483,10.4,10,26,1,161,78,36,325,9377,129.6277,60424.609374151,300.088,193.36856,-64.38257,496,-1,1.0,0.0,0.0,0.585,0.315,46,10.54,25.89,1,,,,,,
484,12.0,10,25,1,189,77,36,377,9405,130.0147,60424.609378631,296.241,193.36876,-64.38684,497,-1,1.0,0.0,0.0,0.762,0.497,62,10.47,25.58,1,,,,,,
485,12.5,11,26,0,76,77,36,391,9292,128.4526,60424.609360551,296.241,193.35863,-64.38268,498,-1,1.0,0.0,0.0,0.794,0.452,33,10.45,25.73,1,,,,,,
486,11.3,10,26,0,48,77,36,353,9264,128.0655,60424.609356071,296.241,193.36856,-64.38257,499,-1,1.0,0.0,0.0,0.752,0.272,26,10.62,25.92,1,,,,,,
487,14.7,11,26,1,242,78,37,460,9714,134.2863,60424.609428071,300.088,193.35863,-64.38268,500,-1,1.0,0.0,0.0,0.819,0.281,105,10.57,25.91,1,,,,,,
488,6.9,10,26,0,213,75,37,217,9685,133.8854,60424.609423431,288.546,193.36856,-64.38257,501,-1,1.0,0.0,0.0,0.514,0.0,18,10.5,26.0,1,,,,,,
489,7.4,11,26,0,45,77,37,233,9517,131.563,60424.609396551,296.241,193.35863,-64.38268,502,-1,1.0,0.0,0.0,0.548,0.548,6,10.5,25.5,1,,,,,,
490,6.9,10,26,0,158,78,37,217,9630,133.1251,60424.609414631,300.088,193.36856,-64.38257,503,-1,1.0,0.0,0.0,0.535,0.378,7,10.57,25.86,1,,,,,,
491,15.3,10,26,0,98,78,38,478,9826,135.8346,60424.609445991,300.088,193.36856,-64.38257,504,-1,1.0,0.0,0.0,0.859,0.466,77,10.3,25.69,1,,,,,,
492,9.6,10,26,1,239,77,38,300,9967,137.7838,60424.609468551,296.241,193.36856,-64.38257,505,-1,1.0,0.0,0.0,0.568,0.301,31,10.55,25.9,1,,,,,,
493,8.1,11,26,1,211,78,38,253,9939,137.3967,60424.609464071,300.088,193.35863,-64.38268,506,-1,1.0,0.0,0.0,0.516,0.447,16,10.5,25.75,1,,,,,,
494,7.9,10,25,0,14,77,38,248,9742,134.6734,60424.609432551,296.241,193.36876,-64.38684,507,-1,1.0,0.0,0.0,0.519,0.277,13,10.54,25.08,1,,,,,,
495,8.4,11,26,0,126,77,38,262,9854,136.2217,60424.609450471,296.241,193.35863,-64.38268,508,-1,1.0,0.0,0.0,0.527,0.0,10,10.5,26.0,1,,,,,,
496,7.9,10,25,0,67,78,39,246,10051,138.945,60424.609481991,300.088,193.36876,-64.38684,509,-1,1.0,0.0,0.0,0.522,0.302,11,10.45,25.91,1,,,,,,
497,8.6,10,25,0,179,77,39,270,10163,140.4933,60424.609499911,296.241,193.36876,-64.38684,510,-1,1.0,0.0,0.0,0.516,0.414,15,10.47,25.2,1,,,,,,
498,6.4,11,26,0,94,76,39,201,10078,139.3183,60424.609486311,292.394,193.35863,-64.38268,511,-1,1.0,0.0,0.0,0.577,0.577,4,10.5,25.5,1,,,,,,
500,11.6,10,25,0,232,77,40,364,10472,144.7649,60424.609549351,296.241,193.36876,-64.38684,513,-1,1.0,0.0,0.0,0.629,0.368,26,10.35,25.15,1,,,,,,
501,8.0,10,25,0,36,78,40,252,10276,142.0554,60424.609517991,300.088,193.36876,-64.38684,514,-1,1.0,0.0,0.0,0.514,0.47,17,10.53,25.29,1,,,,,,
502,9.2,10,26,0,120,77,40,289,10360,143.2166,60424.609531431,296.241,193.36856,-64.38257,515,-1,1.0,0.0,0.0,0.514,0.393,17,10.47,25.82,1,,,,,,
503,7.5,11,26,1,8,78,40,235,10248,141.6684,60424.609513511,300.088,193.35863,-64.38268,516,-1,1.0,0.0,0.0,0.516,0.516,6,10.67,25.67,1,,,,,,
504,8.1,10,25,1,148,77,40,255,10388,143.6037,60424.609535911,296.241,193.36876,-64.38684,517,-1,1.0,0.0,0.0,0.535,0.488,7,10.57,25.71,1,,,,,,
505,7.2,11,26,0,92,78,40,227,10332,142.8296,60424.609526951,300.088,193.35863,-64.38268,518,-1,1.0,0.0,0.0,0.577,0.577,3,10.67,25.67,1,,,,,,
507,6.3,217,41,5,232,44,41,197,10728,148.3039,60424.609590311,169.281,191.31302,-64.32121,520,-1,1.0,0.0,0.0,0.0,0.0,4,217.0,41.0,1,,,,,,
509,13.7,10,25,1,117,77,41,429,10613,146.7141,60424.609571911,296.241,193.36876,-64.38684,522,-1,1.0,0.0,0.0,0.829,0.485,74,10.43,25.64,1,,,,,,
510,14.7,10,25,1,33,77,41,461,10529,145.5529,60424.609558471,296.241,193.36876,-64.38684,523,-1,1.0,0.0,0.0,0.899,0.52,80,10.55,25.41,1,,,,,,
511,11.8,11,26,0,201,77,41,368,10697,147.8753,60424.609585351,296.241,193.35863,-64.38268,524,-1,1.0,0.0,0.0,0.843,0.232,36,10.44,25.94,1,,,,,,
512,10.2,10,26,1,5,78,41,320,10501,145.1658,60424.609553991,300.088,193.36856,-64.38257,525,-1,1.0,0.0,0.0,0.599,0.232,36,10.39,25.94,1,,,,,,
513,12.0,10,26,1,61,77,41,377,10557,145.94,60424.609562951,296.241,193.36856,-64.38257,526,-1,1.0,0.0,0.0,0.725,0.0,43,10.37,26.0,1,,,,,,
514,10.2,10,26,0,229,77,41,319,10725,148.2624,60424.609589831,296.241,193.36856,-64.38257,527,-1,1.0,0.0,0.0,0.577,0.467,36,10.31,25.31,1,,,,,,
515,11.3,10,25,0,173,77,41,355,10669,147.4883,60424.609580871,296.241,193.36876,-64.38684,528,-1,1.0,0.0,0.0,0.723,0.408,25,10.24,25.2,1,,,,,,
516,7.6,10,25,0,89,77,41,238,10585,146.327,60424.609567431,296.241,193.36876,-64.38684,529,-1,1.0,0.0,0.0,0.518,0.518,8,10.38,25.38,1,,,,,,
520,16.1,10,25,0,198,77,42,504,10950,151.3728,60424.609625831,296.241,193.36876,-64.38684,533,-1,1.0,0.0,0.0,0.885,0.484,69,10.49,25.36,1,,,,,,
521,13.5,10,25,0,142,78,42,422,10894,150.5987,60424.609616871,300.088,193.36876,-64.38684,534,-1,1.0,0.0,0.0,0.824,0.492,54,10.33,25.61,1,,,,,,
522,15.1,10,25,1,255,77,42,473,11007,152.1608,60424.609634951,296.241,193.36876,-64.38684,535,-1,1.0,0.0,0.0,0.963,0.375,78,10.46,25.17,1,,,,,,
523,13.3,10,25,1,86,77,42,417,10838,149.8245,60424.609607911,296.241,193.36876,-64.38684,536,-1,1.0,0.0,0.0,0.968,0.452,68,10.56,25.28,1,,,,,,
524,12.4,10,25,0,226,77,42,389,10978,151.7599,60424.609630311,296.241,193.36876,-64.38684,537,-1,1.0,0.0,0.0,0.718,0.502,35,10.31,25.57,1,,,,,,
525,8.6,10,25,1,2,77,42,269,10754,148.6633,60424.609594471,296.241,193.36876,-64.38684,538,-1,1.0,0.0,0.0,0.522,0.515,12,10.5,25.58,1,,,,,,
528,6.4,226,203,3,132,255,42,200,10884,150.4604,60424.609615271,981.058,191.24765,-63.62465,541,-1,1.0,0.0,0.0,0.0,0.0,3,226.0,203.0,1,,,,,,
529,17.9,10,25,0,223,77,43,560,11231,155.2573,60424.609670791,296.241,193.36876,-64.38684,543,-1,1.0,0.0,0.0,0.871,0.0,92,10.29,25.0,1,,,,,,
530,12.4,11,26,1,27,77,43,389,11035,152.5478,60424.609639431,296.241,193.35863,-64.38268,544,-1,1.0,0.0,0.0,0.95,0.499,32,10.5,25.59,1,,,,,,
531,10.1,10,26,1,167,77,43,317,11175,154.4832,60424.609661831,296.241,193.36856,-64.38257,545,-1,1.0,0.0,0.0,0.762,0.508,31,10.23,25.52,1,,,,,,
532,9.8,10,25,1,83,77,43,306,11091,153.322,60424.609648391,296.241,193.36876,-64.38684,546,-1,1.0,0.0,0.0,0.619,0.403,16,10.62,25.19,1,,,,,,
533,8.5,10,25,1,55,77,43,265,11063,152.9349,60424.609643911,296.241,193.36876,-64.38684,547,-1,1.0,0.0,0.0,0.718,0.522,12,10.17,25.5,1,,,,,,
534,6.9,10,26,0,139,78,43,216,11147,154.0961,60424.609657351,300.088,193.36856,-64.38257,548,-1,1.0,0.0,0.0,0.5,0.577,4,10.25,25.5,1,,,,,,
535,7.4,11,26,0,111,77,43,233,11119,153.7091,60424.609652871,296.241,193.35863,-64.38268,549,-1,1.0,0.0,0.0,0.463,0.0,8,10.75,26.0,1,,,,,,
545,14.1,10,25,1,80,77,44,440,11344,156.8195,60424.609688871,296.241,193.36876,-64.38684,560,-1,1.0,0.0,0.0,0.908,0.482,92,10.52,25.36,1,,,,,,
546,15.7,10,25,1,52,77,44,492,11316,156.4324,60424.609684391,296.241,193.36876,-64.38684,561,-1,1.0,0.0,0.0,0.855,0.494,67,10.58,25.4,1,,,,,,
549,7.6,11,26,5,59,84,44,239,11323,156.5292,60424.609685511,323.172,193.35863,-64.38268,564,-1,1.0,0.0,0.0,0.535,0.518,8,10.5,25.62,1,,,,,,
558,6.6,149,252,5,119,257,44,208,11383,157.3586,60424.609695111,988.753,191.99394,-63.417,573,-1,1.0,0.0,0.0,0.0,0.0,5,149.0,252.0,1,,,,,,
562,12.5,10,25,0,217,77,45,391,11737,162.2523,60424.609751751,296.241,193.36876,-64.38684,577,-1,1.0,0.0,0.0,0.702,0.305,30,10.3,25.1,1,,,,,,
563,8.6,10,25,1,49,77,45,268,11569,159.9299,60424.609724871,296.241,193.36876,-64.38684,578,-1,1.0,0.0,0.0,0.518,0.354,8,10.38,25.12,1,,,,,,
564,6.6,10,25,0,104,75,45,206,11624,160.6902,60424.609733671,288.546,193.36876,-64.38684,579,-1,1.0,0.0,0.0,0.0,0.0,4,10.0,25.0,1,,,,,,
566,6.7,10,25,1,190,79,45,210,11710,161.879,60424.609747431,303.936,193.36876,-64.38684,581,-1,1.0,0.0,0.0,0.548,0.0,5,10.4,25.0,1,,,,,,
569,6.9,91,204,6,107,257,45,215,11627,160.7316,60424.609734151,988.753,192.55327,-63.62402,584,-1,1.0,0.0,0.0,0.0,0.0,5,91.0,204.0,1,,,,,,
570,6.2,64,83,3,64,8,46,194,11840,163.6762,60424.609768231,30.778,192.82594,-64.14317,585,-1,1.0,0.0,0.0,0.0,0.0,3,64.0,83.0,1,,,,,,
572,16.5,10,25,1,102,77,46,516,11878,164.2015,60424.609774311,296.241,193.36873,-64.38684,587,-1,1.0,0.0,0.0,0.884,0.377,83,10.11,25.17,1,,,,,,
573,15.4,10,25,0,73,77,46,483,11849,163.8006,60424.609769671,296.241,193.36873,-64.38684,588,-1,1.0,0.0,0.0,0.825,0.489,56,10.29,25.62,1,,,,,,
574,12.1,10,25,1,158,77,46,380,11934,164.9756,60424.609783271,296.241,193.36873,-64.38684,589,-1,1.0,0.0,0.0,0.715,0.167,36,10.06,25.03,1,,,,,,
575,11.7,10,25,0,186,78,46,367,11962,165.3627,60424.609787751,300.088,193.36873,-64.38684,590,-1,1.0,0.0,0.0,0.756,0.315,28,10.14,25.11,1,,,,,,
576,12.1,10,25,0,214,78,46,380,11990,165.7498,60424.609792231,300.088,193.36873,-64.38684,591,-1,1.0,0.0,0.0,0.824,0.277,37,10.35,25.08,1,,,,,,
577,8.6,10,25,0,242,77,46,270,12018,166.1368,60424.609796711,296.241,193.36873,-64.38684,592,-1,1.0,0.0,0.0,0.548,0.0,6,10.5,25.0,1,,,,,,
584,6.8,155,108,4,210,254,46,212,11986,165.6945,60424.609791591,977.211,191.93027,-64.03748,599,-1,1.0,0.0,0.0,0.463,0.354,8,154.75,107.88,1,,,,,,
585,17.7,11,25,1,211,77,47,553,12243,169.2472,60424.609832711,296.241,193.35878,-64.38695,600,-1,1.0,0.0,0.0,0.936,0.376,101,10.38,25.17,1,,,,,,
586,14.4,10,26,0,14,77,47,451,12046,166.5239,60424.609801191,296.241,193.36853,-64.38257,601,-1,1.0,0.0,0.0,0.883,0.447,63,10.21,25.73,1,,,,,,
587,14.7,10,25,1,183,77,47,459,12215,168.8602,60424.609828231,296.241,193.36873,-64.38684,602,-1,1.0,0.0,0.0,0.827,0.503,65,10.06,25.48,1,,,,,,
588,14.1,10,25,0,239,78,47,442,12271,169.6343,60424.609837191,300.088,193.36873,-64.38684,603,-1,1.0,0.0,0.0,0.802,0.137,53,10.17,25.02,1,,,,,,
589,13.1,10,25,0,98,77,47,410,12130,167.6851,60424.609814631,296.241,193.36873,-64.38684,604,-1,1.0,0.0,0.0,0.804,0.505,42,10.48,25.52,1,,,,,,
590,8.7,10,25,1,42,76,47,272,12074,166.911,60424.609805671,292.394,193.36873,-64.38684,605,-1,1.0,0.0,0.0,0.516,0.422,10,10.4,25.2,1,,,,,,
591,7.3,10,26,1,127,77,47,228,12159,168.086,60424.609819271,296.241,193.36853,-64.38257,606,-1,1.0,0.0,0.0,0.5,0.441,9,9.67,25.78,1,,,,,,
592,10.3,10,25,0,70,77,47,322,12102,167.298,60424.609810151,296.241,193.36873,-64.38684,607,-1,1.0,0.0,0.0,0.678,0.0,25,10.28,25.0,1,,,,,,
593,10.1,10,26,1,155,77,47,317,12187,168.4731,60424.609823751,296.241,193.36853,-64.38257,608,-1,1.0,0.0,0.0,0.598,0.0,21,10.43,26.0,1,,,,,,
599,17.1,10,25,0,11,77,48,535,12299,170.0214,60424.609841671,296.241,193.36873,-64.38684,614,-1,1.0,0.0,0.0,0.921,0.373,121,10.31,25.17,1,,,,,,
601,16.6,11,26,1,152,77,48,521,12440,171.9706,60424.609864231,296.241,193.3586,-64.38268,616,-1,1.0,0.0,0.0,0.873,0.087,132,10.59,25.99,1,,,,,,
602,13.7,10,26,0,39,77,48,430,12327,170.4084,60424.609846151,296.241,193.36853,-64.38257,617,-1,1.0,0.0,0.0,0.698,0.362,40,10.22,25.85,1,,,,,,
603,13.3,10,25,0,236,78,48,415,12524,173.1318,60424.609877671,300.088,193.36873,-64.38684,618,-1,1.0,0.0,0.0,0.812,0.471,50,10.56,25.68,1,,,,,,
604,12.1,11,26,0,95,77,48,380,12383,171.1826,60424.609855111,296.241,193.3586,-64.38268,619,-1,1.0,0.0,0.0,0.845,0.467,36,10.5,25.69,1,,,,,,
605,10.4,11,26,0,180,78,48,327,12468,172.3576,60424.609868711,300.088,193.3586,-64.38268,620,-1,1.0,0.0,0.0,0.707,0.383,18,10.5,25.83,1,,,,,,
606,9.4,11,26,0,67,77,48,293,12355,170.7955,60424.609850631,296.241,193.3586,-64.38268,621,-1,1.0,0.0,0.0,0.789,0.0,10,10.8,26.0,1,,,,,,
607,6.7,10,26,1,124,77,48,210,12412,171.5835,60424.609859751,296.241,193.36853,-64.38257,622,-1,1.0,0.0,0.0,0.516,0.0,6,10.33,26.0,1,,,,,,
613,6.5,131,248,5,156,255,48,202,12444,172.0259,60424.609864871,981.058,192.16672,-63.43451,628,-1,1.0,0.0,0.0,0.0,0.0,4,131.0,248.0,1,,,,,,
614,12.3,11,26,0,64,77,49,386,12608,174.293,60424.609891111,296.241,193.3586,-64.38268,629,-1,1.0,0.0,0.0,0.789,0.284,35,10.71,25.91,1,,,,,,
615,10.9,10,26,1,121,78,49,341,12665,175.081,60424.609900231,300.088,193.36853,-64.38257,630,-1,1.0,0.0,0.0,0.693,0.301,31,10.29,25.9,1,,,,,,
616,12.6,11,26,0,92,77,49,393,12636,174.6801,60424.609895591,296.241,193.3586,-64.38268,631,-1,1.0,0.0,0.0,0.784,0.0,40,10.5,26.0,1,,,,,,
617,10.4,10,26,1,233,77,49,326,12777,176.6292,60424.609918151,296.241,193.36853,-64.38257,632,-1,1.0,0.0,0.0,0.658,0.0,21,10.33,26.0,1,,,,,,
618,9.1,10,25,0,8,77,49,284,12552,173.5188,60424.609882151,296.241,193.36873,-64.38684,633,-1,1.0,0.0,0.0,0.647,0.505,11,10.27,25.36,1,,,,,,
623,18.9,11,26,1,202,77,50,591,13002,179.7397,60424.609954151,296.241,193.3586,-64.38268,638,-1,1.0,0.0,0.0,0.925,0.452,127,10.5,25.28,1,,,,,,
624,15.6,10,26,0,89,77,50,490,12889,178.1775,60424.609936071,296.241,193.36853,-64.38257,639,-1,1.0,0.0,0.0,0.794,0.384,90,10.43,25.82,1,,,,,,
625,18.2,10,26,0,33,77,50,569,12833,177.4034,60424.609927111,296.241,193.36853,-64.38257,640,-1,1.0,0.0,0.0,0.86,0.0,91,10.45,26.0,1,,,,,,
626,14.9,10,25,0,61,77,50,467,12861,177.7905,60424.609931591,296.241,193.36873,-64.38684,641,-1,1.0,0.0,0.0,0.927,0.473,67,10.54,25.33,1,,,,,,
627,16.8,11,26,1,230,77,50,526,13030,180.1267,60424.609958631,296.241,193.3586,-64.38268,642,-1,1.0,0.0,0.0,0.982,0.319,88,10.47,25.89,1,,,,,,
628,12.2,10,25,1,118,77,50,381,12918,178.5784,60424.609940711,296.241,193.36873,-64.38684,643,-1,1.0,0.0,0.0,0.754,0.504,44,10.11,25.45,1,,,,,,
629,10.1,10,25,0,5,77,50,316,12805,177.0163,60424.609922631,296.241,193.36873,-64.38684,644,-1,1.0,0.0,0.0,0.637,0.452,26,10.38,25.73,1,,,,,,
637,6.4,161,69,1,167,254,50,201,12967,179.2558,60424.609948551,977.211,191.86949,-64.20451,652,-1,1.0,0.0,0.0,0.0,0.0,3,161.0,69.0,1,,,,,,
638,13.1,10,26,1,227,77,51,411,13283,183.6242,60424.609999111,296.241,193.36853,-64.38257,654,-1,1.0,0.0,0.0,0.803,0.32,53,10.32,25.89,1,,,,,,
639,14.6,10,26,0,114,77,51,456,13170,182.0621,60424.609981031,296.241,193.36853,-64.38257,655,-1,1.0,0.0,0.0,0.95,0.226,38,10.26,25.95,1,,,,,,
640,12.2,10,26,1,199,77,51,381,13255,183.2371,60424.609994631,296.241,193.36853,-64.38257,656,-1,1.0,0.0,0.0,0.789,0.254,59,10.22,25.93,1,,,,,,
641,13.3,10,26,0,142,77,51,418,13198,182.4492,60424.609985511,296.241,193.36853,-64.38257,657,-1,1.0,0.0,0.0,0.831,0.494,53,10.34,25.6,1,,,,,,
642,12.3,11,26,0,30,77,51,385,13086,180.9009,60424.609967591,296.241,193.3586,-64.38268,658,-1,1.0,0.0,0.0,0.688,0.504,36,10.39,25.56,1,,,,,,
643,9.9,11,25,0,86,77,51,310,13142,181.675,60424.609976551,296.241,193.35878,-64.38695,659,-1,1.0,0.0,0.0,0.588,0.507,17,10.71,25.59,1,,,,,,
644,7.9,10,26,0,2,78,51,246,13058,180.5138,60424.609963111,300.088,193.36853,-64.38257,660,-1,1.0,0.0,0.0,0.535,0.488,7,10.43,25.71,1,,,,,,
651,6.5,44,100,3,120,250,51,202,13176,182.145,60424.609981991,961.822,193.02083,-64.06893,667,-1,1.0,0.0,0.0,0.5,0.5,4,44.25,99.25,1,,,,,,
656,13.2,10,25,1,196,77,52,414,13508,186.7346,60424.610035111,296.241,193.36873,-64.38684,672,-1,1.0,0.0,0.0,0.758,0.503,68,10.31,25.49,1,,,,,,
657,12.9,10,25,1,224,77,52,405,13536,187.1217,60424.610039591,296.241,193.36873,-64.38684,673,-1,1.0,0.0,0.0,0.754,0.487,54,9.87,25.37,1,,,,,,
658,12.2,10,26,0,55,78,52,383,13367,184.7854,60424.610012551,300.088,193.36853,-64.38257,674,-1,1.0,0.0,0.0,0.782,0.477,42,10.21,25.33,1,,,,,,
659,10.5,10,26,1,27,77,52,328,13339,184.3983,60424.610008071,296.241,193.36853,-64.38257,675,-1,1.0,0.0,0.0,0.703,0.0,23,10.3,26.0,1,,,,,,
660,11.0,10,25,1,252,77,52,344,13564,187.5087,60424.610044071,296.241,193.36873,-64.38684,676,-1,1.0,0.0,0.0,0.723,0.435,33,10.09,25.76,1,,,,,,
661,10.7,10,25,0,111,77,52,334,13423,185.5596,60424.610021511,296.241,193.36873,-64.38684,677,-1,1.0,0.0,0.0,0.59,0.429,22,10.41,25.23,1,,,,,,
662,8.0,10,25,0,83,77,52,250,13395,185.1725,60424.610017031,296.241,193.36873,-64.38684,678,-1,1.0,0.0,0.0,0.522,0.505,11,10.55,25.64,1,,,,,,
668,6.6,10,25,6,106,42,53,207,13674,189.0294,60424.610061671,161.586,193.36873,-64.38684,684,-1,1.0,0.0,0.0,0.0,0.0,5,10.0,25.0,1,,,,,,
669,23.7,10,26,0,136,77,53,741,13704,189.4441,60424.610066471,296.241,193.36853,-64.38257,685,-1,1.0,0.0,0.0,0.899,0.451,128,10.4,25.72,1,,,,,,
670,18.1,10,25,0,108,77,53,568,13676,189.057,60424.610061991,296.241,193.36873,-64.38684,686,-1,1.0,0.0,0.0,0.84,0.347,80,10.45,25.14,1,,,,,,
671,16.3,10,25,1,220,76,53,511,13788,190.6053,60424.610079911,292.394,193.36873,-64.38684,687,-1,1.0,0.0,0.0,0.806,0.499,63,10.21,25.57,1,,,,,,
672,10.5,10,26,0,24,78,53,330,13592,187.8958,60424.610048551,300.088,193.36853,-64.38257,688,-1,1.0,0.0,0.0,0.612,0.169,35,10.49,25.97,1,,,,,,
673,9.5,10,25,0,80,78,53,297,13648,188.67,60424.610057511,300.088,193.36873,-64.38684,690,-1,1.0,0.0,0.0,0.663,0.514,14,10.14,25.57,1,,,,,,
674,6.7,10,25,0,192,77,53,211,13760,190.2182,60424.610075431,296.241,193.36873,-64.38684,691,-1,1.0,0.0,0.0,0.447,0.548,5,10.2,25.4,1,,,,,,
675,6.9,10,25,7,149,90,53,216,13717,189.6238,60424.610068551,346.256,193.36873,-64.38684,692,-1,1.0,0.0,0.0,0.577,0.0,3,10.33,25.0,1,,,,,,
683,18.0,10,26,1,49,77,54,563,13873,191.7803,60424.610093511,296.241,193.36853,-64.38257,700,-1,1.0,0.0,0.0,0.871,0.493,92,10.21,25.4,1,,,,,,
685,21.0,10,25,1,246,77,54,659,14070,194.5037,60424.610125031,296.241,193.36873,-64.38684,702,-1,1.0,0.0,0.0,1.038,0.441,126,10.06,25.26,1,,,,,,
686,13.7,10,26,1,218,77,54,429,14042,194.1166,60424.610120551,296.241,193.36853,-64.38257,703,-1,1.0,0.0,0.0,0.979,0.487,49,10.57,25.63,1,,,,,,
687,15.3,10,26,0,161,77,54,479,13985,193.3286,60424.610111431,296.241,193.36853,-64.38257,704,-1,1.0,0.0,0.0,0.705,0.449,55,10.15,25.73,1,,,,,,
688,14.2,10,25,0,133,77,54,444,13957,192.9416,60424.610106951,296.241,193.36873,-64.38684,705,-1,1.0,0.0,0.0,0.881,0.357,48,10.23,25.15,1,,,,,,
689,10.0,10,26,0,21,78,54,314,13845,191.3933,60424.610089031,300.088,193.36853,-64.38257,706,-1,1.0,0.0,0.0,0.73,0.25,16,10.5,25.94,1,,,,,,
690,11.8,10,25,0,105,77,54,371,13929,192.5545,60424.610102471,296.241,193.36873,-64.38684,707,-1,1.0,0.0,0.0,0.834,0.43,30,10.17,25.23,1,,,,,,
691,9.0,11,26,0,189,77,54,281,14013,193.7157,60424.610115911,296.241,193.3586,-64.38268,708,-1,1.0,0.0,0.0,0.518,0.0,8,10.62,26.0,1,,,,,,
692,10.2,10,26,0,77,77,54,320,13901,192.1674,60424.610097991,296.241,193.36853,-64.38257,709,-1,1.0,0.0,0.0,0.801,0.48,13,10.15,25.69,1,,,,,,
698,15.8,10,25,1,74,77,55,494,14154,195.6649,60424.610138471,296.241,193.36873,-64.38684,715,-1,1.0,0.0,0.0,0.71,0.281,82,9.88,25.09,1,,,,,,
699,16.1,10,25,1,46,77,55,503,14126,195.2778,60424.610133991,296.241,193.36873,-64.38684,718,-1,1.0,0.0,0.0,0.869,0.501,82,10.24,25.55,1,,,,,,
700,12.2,10,26,1,18,77,55,383,14098,194.8907,60424.610129511,296.241,193.36853,-64.38257,719,-1,1.0,0.0,0.0,0.763,0.25,31,10.13,25.94,1,,,,,,
701,15.5,10,26,0,186,77,55,485,14266,197.2132,60424.610156391,296.241,193.36853,-64.38257,720,-1,1.0,0.0,0.0,0.754,0.487,36,9.94,25.36,1,,,,,,
702,12.9,10,25,0,214,77,55,404,14294,197.6003,60424.610160871,296.241,193.36873,-64.38684,721,-1,1.0,0.0,0.0,0.839,0.347,44,10.25,25.14,1,,,,,,
703,11.8,10,26,1,242,76,55,369,14322,197.9873,60424.610165351,292.394,193.36853,-64.38257,722,-1,1.0,0.0,0.0,0.786,0.504,28,10.11,25.57,1,,,,,,
704,11.1,10,26,0,102,77,55,349,14182,196.052,60424.610142951,296.241,193.36853,-64.38257,723,-1,1.0,0.0,0.0,0.67,0.189,28,10.32,25.96,1,,,,,,
709,6.3,177,101,1,235,232,55,198,14315,197.8906,60424.610164231,892.57,191.71387,-64.06675,728,-1,1.0,0.0,0.0,0.0,0.0,3,177.0,101.0,1,,,,,,
714,16.7,10,25,0,155,77,56,523,14491,200.3236,60424.610192391,296.241,193.36873,-64.38684,733,-1,1.0,0.0,0.0,0.746,0.286,79,10.27,25.09,1,,,,,,
715,14.0,10,26,0,211,77,56,438,14547,201.0977,60424.610201351,296.241,193.36853,-64.38257,735,-1,1.0,0.0,0.0,0.776,0.503,57,10.4,25.46,1,,,,,,
716,11.6,10,25,0,239,77,56,363,14575,201.4848,60424.610205831,296.241,193.36873,-64.38684,736,-1,1.0,0.0,0.0,0.817,0.485,63,10.24,25.63,1,,,,,,
717,9.2,10,26,0,71,78,56,289,14407,199.1624,60424.610178951,300.088,193.36853,-64.38257,737,-1,1.0,0.0,0.0,0.699,0.497,14,10.21,25.64,1,,,,,,
722,6.1,44,113,5,103,250,56,192,14439,199.6047,60424.610184071,961.822,193.01918,-64.01315,742,-1,1.0,0.0,0.0,0.0,0.577,3,44.0,112.67,1,,,,,,
724,17.9,10,25,1,96,77,57,561,14688,203.0469,60424.610223911,296.241,193.36873,-64.38684,744,-1,1.0,0.0,0.0,0.846,0.487,129,10.16,25.62,1,,,,,,
725,18.4,10,25,0,236,77,57,577,14828,204.9823,60424.610246311,296.241,193.36873,-64.38684,745,-1,1.0,0.0,0.0,0.842,0.147,91,10.15,25.02,1,,,,,,
726,15.6,10,26,0,208,77,57,487,14800,204.5952,60424.610241831,296.241,193.36853,-64.38257,746,-1,1.0,0.0,0.0,0.803,0.449,55,10.15,25.73,1,,,,,,
727,11.2,10,25,1,39,76,57,350,14631,202.2589,60424.610214791,292.394,193.36873,-64.38684,747,-1,1.0,0.0,0.0,0.831,0.273,38,10.11,25.08,1,,,,,,
728,9.1,10,25,0,123,75,57,286,14715,203.4202,60424.610228231,288.546,193.36873,-64.38684,748,-1,1.0,0.0,0.0,0.737,0.452,19,10.11,25.26,1,,,,,,
729,10.4,10,26,0,152,77,57,327,14744,203.8211,60424.610232871,296.241,193.36853,-64.38257,749,-1,1.0,0.0,0.0,0.734,0.508,32,10.09,25.5,1,,,,,,
730,6.8,10,25,0,12,78,57,214,14604,201.8857,60424.610210471,300.088,193.36873,-64.38684,750,-1,1.0,0.0,0.0,0.0,0.0,3,10.0,25.0,1,,,,,,
738,6.5,188,176,3,51,251,57,202,14643,202.4248,60424.610216711,965.669,191.61258,-63.74376,758,-1,1.0,0.0,0.0,0.0,0.0,6,188.0,176.0,1,,,,,,
739,13.5,10,26,1,93,77,58,422,14941,206.5444,60424.610264391,296.241,193.3685,-64.38257,759,-1,1.0,0.0,0.0,0.74,0.5,83,10.19,25.45,1,,,,,,
744,6.6,32,99,4,175,241,58,206,15023,207.6779,60424.610277511,927.196,193.1389,-64.07224,765,-1,1.0,0.0,0.0,0.0,0.0,5,32.0,99.0,1,,,,,,
746,6.1,103,23,3,107,250,58,191,14955,206.7379,60424.610266631,961.822,192.44411,-64.40147,767,-1,1.0,0.0,0.0,0.0,0.0,3,103.0,23.0,1,,,,,,
748,15.4,10,25,1,202,77,59,482,15306,211.5901,60424.610322791,296.241,193.3687,-64.38684,769,-1,1.0,0.0,0.0,0.923,0.501,128,10.29,25.53,1,,,,,,
750,15.3,10,25,0,230,77,59,479,15334,211.9772,60424.610327271,296.241,193.3687,-64.38684,771,-1,1.0,0.0,0.0,0.801,0.305,78,10.27,25.9,1,,,,,,
751,8.3,10,26,1,62,78,59,261,15166,209.6548,60424.610300391,300.088,193.3685,-64.38257,773,-1,1.0,0.0,0.0,0.506,0.0,13,10.38,26.0,1,,,,,,
757,17.3,10,25,0,30,77,60,542,15390,212.7514,60424.610336231,296.241,193.3687,-64.38684,779,-1,1.0,0.0,0.0,1.019,0.477,108,10.17,25.34,1,,,,,,
758,15.3,10,26,1,143,77,60,478,15503,214.3135,60424.610354311,296.241,193.3685,-64.38257,780,-1,1.0,0.0,0.0,0.915,0.49,68,10.38,25.62,1,,,,,,
759,12.1,10,26,1,59,78,60,378,15419,213.1523,60424.610340871,300.088,193.3685,-64.38257,781,-1,1.0,0.0,0.0,0.772,0.284,35,10.14,25.91,1,,,,,,
760,11.9,10,26,1,87,77,60,372,15447,213.5393,60424.610345351,296.241,193.3685,-64.38257,782,-1,1.0,0.0,0.0,0.639,0.315,37,10.38,25.89,1,,,,,,
761,13.9,11,26,0,227,77,60,436,15587,215.4747,60424.610367751,296.241,193.35857,-64.38268,783,-1,1.0,0.0,0.0,0.839,0.502,54,10.56,25.44,1,,,,,,
762,14.8,10,26,0,255,77,60,463,15615,215.8618,60424.610372231,296.241,193.3685,-64.38257,784,-1,1.0,0.0,0.0,0.704,0.414,65,10.14,25.22,1,,,,,,
763,11.8,11,26,1,115,77,60,368,15475,213.9264,60424.610349831,296.241,193.35857,-64.38268,785,-1,1.0,0.0,0.0,0.881,0.416,28,10.46,25.89,1,,,,,,
764,10.9,10,25,1,171,77,60,341,15531,214.7005,60424.610358791,296.241,193.3687,-64.38684,786,-1,1.0,0.0,0.0,0.698,0.447,27,10.11,25.26,1,,,,,,
771,21.4,10,26,1,112,77,61,669,15728,217.4239,60424.610390311,296.241,193.3685,-64.38257,793,-1,1.0,0.0,0.0,1.0,0.375,172,10.35,25.83,1,,,,,,
772,17.8,10,26,1,196,77,61,558,15812,218.5851,60424.610403751,296.241,193.3685,-64.38257,794,-1,1.0,0.0,0.0,0.898,0.409,124,10.25,25.79,1,,,,,,
773,20.1,10,26,1,168,77,61,629,15784,218.198,60424.610399271,296.241,193.3685,-64.38257,795,-1,1.0,0.0,0.0,0.919,0.447,125,10.36,25.73,1,,,,,,
775,14.1,10,25,0,224,78,61,441,15840,218.9722,60424.610408231,300.088,193.3687,-64.38684,797,-1,1.0,0.0,0.0,0.904,0.505,55,10.33,25.49,1,,,,,,
776,14.5,10,26,0,252,77,61,454,15868,219.3592,60424.610412711,296.241,193.3685,-64.38257,798,-1,1.0,0.0,0.0,0.853,0.409,67,10.7,25.88,1,,,,,,
777,11.0,10,26,1,140,77,61,343,15756,217.8109,60424.610394791,296.241,193.3685,-64.38257,799,-1,1.0,0.0,0.0,0.737,0.338,24,10.25,25.88,1,,,,,,
783,18.8,10,26,1,193,77,62,588,16065,222.0826,60424.610444231,296.241,193.3685,-64.38257,805,-1,1.0,0.0,0.0,0.897,0.489,127,10.31,25.61,1,,,,,,
784,12.4,10,26,0,221,78,62,387,16093,222.4696,60424.610448711,300.088,193.3685,-64.38257,806,-1,1.0,0.0,0.0,0.638,0.0,34,10.32,26.0,1,,,,,,
785,12.3,10,26,0,249,77,62,386,16121,222.8567,60424.610453191,296.241,193.3685,-64.38257,807,-1,1.0,0.0,0.0,0.879,0.499,32,10.47,25.41,1,,,,,,
786,9.8,10,25,1,109,77,62,306,15981,220.9213,60424.610430791,296.241,193.3687,-64.38684,808,-1,1.0,0.0,0.0,0.605,0.503,20,10.45,25.6,1,,,,,,
787,9.7,10,25,1,165,77,62,305,16037,221.6955,60424.610439751,296.241,193.3687,-64.38684,809,-1,1.0,0.0,0.0,0.672,0.0,41,10.27,25.0,1,,,,,,
788,10.3,10,26,0,80,77,62,324,15952,220.5204,60424.610426151,296.241,193.3685,-64.38257,810,-1,1.0,0.0,0.0,0.599,0.376,13,10.23,25.85,1,,,,,,
789,8.2,11,26,0,24,77,62,258,15896,219.7463,60424.610417191,296.241,193.35857,-64.38268,811,-1,1.0,0.0,0.0,0.516,0.0,6,10.67,26.0,1,,,,,,
790,7.4,11,26,0,52,77,62,231,15924,220.1334,60424.610421671,296.241,193.35857,-64.38268,812,-1,1.0,0.0,0.0,0.548,0.548,6,10.5,25.5,1,,,,,,
791,6.9,10,25,1,137,78,62,217,16009,221.3084,60424.610435271,300.088,193.3687,-64.38684,813,-1,1.0,0.0,0.0,0.5,0.5,4,10.25,25.25,1,,,,,,
795,6.2,243,85,6,125,163,62,193,15997,221.1425,60424.610433351,627.108,191.06296,-64.13046,817,-1,1.0,0.0,0.0,0.0,0.516,6,243.0,85.33,1,,,,,,
802,6.7,87,208,5,2,59,64,210,16386,226.5201,60424.610495591,226.99,192.59172,-63.60662,824,-1,1.0,0.0,0.0,0.0,0.0,6,87.0,208.0,1,,,,,,
803,18.5,10,26,0,77,77,63,579,16205,224.0179,60424.610466631,296.241,193.3685,-64.38257,825,-1,1.0,0.0,0.0,0.763,0.389,66,10.18,25.82,1,,,,,,
804,9.9,10,25,1,162,77,63,310,16290,225.193,60424.610480231,296.241,193.3687,-64.38684,826,-1,1.0,0.0,0.0,0.586,0.5,25,10.48,25.6,1,,,,,,
805,12.4,10,26,0,218,78,63,387,16346,225.9671,60424.610489191,300.088,193.3685,-64.38257,827,-1,1.0,0.0,0.0,0.689,0.384,29,10.24,25.83,1,,,,,,
806,11.4,10,25,1,190,77,63,357,16318,225.58,60424.610484711,296.241,193.3687,-64.38684,828,-1,1.0,0.0,0.0,0.624,0.351,36,10.31,25.14,1,,,,,,
807,12.1,10,26,0,49,77,63,380,16177,223.6308,60424.610462151,296.241,193.3685,-64.38257,829,-1,1.0,0.0,0.0,0.882,0.0,31,10.39,26.0,1,,,,,,
808,8.3,10,26,1,105,76,63,261,16233,224.405,60424.610471111,292.394,193.3685,-64.38257,830,-1,1.0,0.0,0.0,0.738,0.483,10,9.9,25.7,1,,,,,,
809,10.3,10,25,0,246,77,63,323,16374,226.3542,60424.610493671,296.241,193.3687,-64.38684,831,-1,1.0,0.0,0.0,0.683,0.516,16,10.25,25.5,1,,,,,,
815,16.4,10,25,1,131,77,64,514,16515,228.3034,60424.610516231,296.241,193.3687,-64.38684,837,-1,1.0,0.0,0.0,0.897,0.36,93,10.31,25.15,1,,,,,,
816,15.1,10,26,1,215,77,64,473,16599,229.4646,60424.610529671,296.241,193.3685,-64.38257,839,-1,1.0,0.0,0.0,0.756,0.467,61,10.28,25.69,1,,,,,,
818,9.4,10,26,1,102,76,64,293,16486,227.9025,60424.610511591,292.394,193.3685,-64.38257,841,-1,1.0,0.0,0.0,0.678,0.0,25,10.28,26.0,1,,,,,,
819,8.2,10,25,0,18,77,64,257,16402,226.7412,60424.610498151,296.241,193.3687,-64.38684,842,-1,1.0,0.0,0.0,0.548,0.0,5,10.4,25.0,1,,,,,,
828,16.5,10,25,1,212,77,65,516,16852,232.9621,60424.610570151,296.241,193.3687,-64.38684,852,-1,1.0,0.0,0.0,0.845,0.302,119,10.29,25.1,1,,,,,,
829,14.5,10,26,1,240,77,65,453,16880,233.3491,60424.610574631,296.241,193.3685,-64.38257,853,-1,1.0,0.0,0.0,0.762,0.496,82,10.29,25.59,1,,,,,,
830,16.6,10,25,1,15,77,65,521,16655,230.2387,60424.610538631,296.241,193.3687,-64.38684,854,-1,1.0,0.0,0.0,0.849,0.328,83,10.36,25.88,1,,,,,,
831,10.0,10,26,0,43,77,65,314,16683,230.6258,60424.610543111,296.241,193.3685,-64.38257,855,-1,1.0,0.0,0.0,0.639,0.224,20,10.25,25.95,1,,,,,,
832,8.7,10,25,0,127,77,65,272,16767,231.787,60424.610556551,296.241,193.3687,-64.38684,856,-1,1.0,0.0,0.0,0.571,0.508,26,10.38,25.46,1,,,,,,
833,7.8,10,25,1,184,77,65,244,16824,232.575,60424.610565671,296.241,193.3687,-64.38684,857,-1,1.0,0.0,0.0,0.492,0.51,22,10.36,25.45,1,,,,,,
840,16.3,10,25,1,237,77,66,509,17133,236.8466,60424.610615111,296.241,193.3687,-64.38684,864,-1,1.0,0.0,0.0,0.878,0.432,82,10.52,25.76,1,,,,,,
841,11.4,10,26,0,96,77,66,356,16992,234.8974,60424.610592551,296.241,193.3685,-64.38257,865,-1,1.0,0.0,0.0,0.724,0.0,52,10.15,26.0,1,,,,,,
842,10.6,10,25,1,208,75,66,331,17104,236.4457,60424.610610471,288.546,193.3687,-64.38684,866,-1,1.0,0.0,0.0,0.607,0.49,50,10.28,25.38,1,,,,,,
843,10.8,10,26,0,40,77,66,339,16936,234.1233,60424.610583591,296.241,193.3685,-64.38257,867,-1,1.0,0.0,0.0,0.75,0.504,30,10.3,25.57,1,,,,,,
846,6.6,47,148,3,122,242,66,208,17018,235.2568,60424.610596711,931.043,192.98549,-63.86297,870,-1,1.0,0.0,0.0,0.0,0.0,4,47.0,148.0,1,,,,,,
851,6.1,254,200,5,148,19,67,192,17300,239.1552,60424.610641831,73.098,190.97643,-63.63478,875,-1,1.0,0.0,0.0,0.577,0.577,3,254.33,200.33,1,,,,,,
852,17.7,10,25,0,121,77,67,555,17273,238.782,60424.610637511,296.241,193.3687,-64.38684,876,-1,1.0,0.0,0.0,0.793,0.464,94,10.39,25.69,1,,,,,,
853,13.4,10,25,0,93,77,67,421,17245,238.3949,60424.610633031,296.241,193.3687,-64.38684,877,-1,1.0,0.0,0.0,0.816,0.391,49,10.43,25.18,1,,,,,,
854,9.7,10,26,0,149,77,67,303,17301,239.169,60424.610641991,296.241,193.3685,-64.38257,878,-1,1.0,0.0,0.0,0.728,0.509,29,10.38,25.52,1,,,,,,
855,8.1,10,25,1,9,77,67,255,17161,237.2337,60424.610619591,296.241,193.3687,-64.38684,879,-1,1.0,0.0,0.0,0.518,0.0,8,10.38,25.0,1,,,,,,
856,7.5,10,25,1,65,77,67,236,17217,238.0078,60424.610628551,296.241,193.3687,-64.38684,880,-1,1.0,0.0,0.0,0.5,0.0,4,10.25,25.0,1,,,,,,
857,7.2,10,25,0,177,77,67,225,17329,239.5561,60424.610646471,296.241,193.3687,-64.38684,881,-1,1.0,0.0,0.0,0.0,0.577,3,10.0,25.33,1,,,,,,
860,6.4,170,45,3,128,229,67,199,17280,238.8787,60424.610638631,881.028,191.77916,-64.30692,884,-1,1.0,0.0,0.0,0.0,0.0,6,170.0,45.0,1,,,,,,
861,12.5,10,25,0,174,77,68,392,17582,243.0536,60424.610686951,296.241,193.3687,-64.38684,885,-1,1.0,0.0,0.0,0.684,0.317,54,10.15,25.11,1,,,,,,
862,8.5,10,25,0,90,77,68,266,17498,241.8923,60424.610673511,296.241,193.3687,-64.38684,886,-1,1.0,0.0,0.0,0.483,0.0,10,10.3,25.0,1,,,,,,
863,6.6,10,25,1,5,76,68,207,17413,240.7173,60424.610659911,292.394,193.3687,-64.38684,887,-1,1.0,0.0,0.0,0.0,0.0,4,10.0,25.0,1,,,,,,
864,13.6,10,25,0,143,77,69,425,17807,246.164,60424.610722951,296.241,193.3687,-64.38684,888,-1,1.0,0.0,0.0,0.779,0.491,47,10.04,25.38,1,,,,,,
865,7.8,10,25,1,3,77,69,243,17667,244.2286,60424.610700551,296.241,193.3687,-64.38684,889,-1,1.0,0.0,0.0,0.689,0.519,13,10.15,25.46,1,,,,,,
866,6.5,10,26,1,115,75,69,203,17779,245.7769,60424.610718471,288.546,193.3685,-64.38257,890,-1,1.0,0.0,0.0,0.0,0.0,5,10.0,26.0,1,,,,,,
867,8.3,10,25,0,171,77,69,261,17835,246.551,60424.610727431,296.241,193.3687,-64.38684,891,-1,1.0,0.0,0.0,0.467,0.467,11,10.27,25.27,1,,,,,,
868,12.4,10,25,1,28,77,70,389,17948,248.1132,60424.610745511,296.241,193.36865,-64.38684,892,-1,1.0,0.0,0.0,0.721,0.27,39,10.18,25.08,1,,,,,,
869,9.8,10,25,0,56,78,70,306,17976,248.5002,60424.610749991,300.088,193.36865,-64.38684,893,-1,1.0,0.0,0.0,0.604,0.493,34,10.38,25.62,1,,,,,,
870,8.1,10,26,0,140,78,70,253,18060,249.6614,60424.610763431,300.088,193.36847,-64.38257,894,-1,1.0,0.0,0.0,0.515,0.0,12,10.42,26.0,1,,,,,,
872,15.6,10,25,0,221,77,71,490,18397,254.3201,60424.610817351,296.241,193.36865,-64.38684,896,-1,1.0,0.0,0.0,0.891,0.481,71,10.45,25.65,1,,,,,,
873,8.5,10,25,1,81,77,71,267,18257,252.3848,60424.610794951,296.241,193.36865,-64.38684,897,-1,1.0,0.0,0.0,0.63,0.506,13,10.31,25.62,1,,,,,,
874,7.6,10,25,1,134,77,72,239,18566,256.6564,60424.610844391,296.241,193.36865,-64.38684,898,-1,1.0,0.0,0.0,0.514,0.469,14,10.43,25.71,1,,,,,,
877,7.6,10,25,1,43,75,74,237,18987,262.4763,60424.610911751,288.546,193.36865,-64.38684,901,-1,1.0,0.0,0.0,0.676,0.352,15,10.2,25.13,1,,,,,,
878,6.8,10,26,0,72,78,74,214,19016,262.8772,60424.610916391,300.088,193.36847,-64.38257,902,-1,1.0,0.0,0.0,0.535,0.488,7,10.57,25.71,1,,,,,,
879,9.1,11,26,0,40,77,75,285,19240,265.9738,60424.610952231,296.241,193.35854,-64.38268,903,-1,1.0,0.0,0.0,0.582,0.368,26,10.54,25.85,1,,,,,,
881,12.2,10,26,1,178,77,76,381,19634,271.4204,60424.611015271,296.241,193.36847,-64.38257,905,-1,1.0,0.0,0.0,0.72,0.442,73,10.19,25.26,1,,,,,,
882,12.8,10,25,0,3,78,78,400,19971,276.0791,60424.611069191,300.088,193.36865,-64.38684,906,-1,1.0,0.0,0.0,0.816,0.315,46,10.15,25.89,1,,,,,,
883,10.3,10,25,1,141,78,79,321,20365,281.5258,60424.611132231,300.088,193.36865,-64.38684,907,-1,1.0,0.0,0.0,0.707,0.174,33,10.0,25.03,1,,,,,,
884,10.2,10,25,1,169,77,79,318,20393,281.9128,60424.611136711,296.241,193.36865,-64.38684,908,-1,1.0,0.0,0.0,0.673,0.384,29,10.1,25.17,1,,,,,,
885,7.7,10,25,1,78,77,81,240,20814,287.7327,60424.611204071,296.241,193.36865,-64.38684,909,-1,1.0,0.0,0.0,0.352,0.414,15,10.13,25.2,1,,,,,,
886,8.9,10,25,0,22,78,81,279,20758,286.9586,60424.611195111,300.088,193.36865,-64.38684,910,-1,1.0,0.0,0.0,0.626,0.0,23,10.13,25.0,1,,,,,,
887,12.2,10,25,0,159,77,82,382,21151,292.3914,60424.611257991,296.241,193.36862,-64.38684,911,-1,1.0,0.0,0.0,0.715,0.366,108,10.11,25.16,1,,,,,,
889,8.6,10,25,0,12,75,84,269,21516,297.4372,60424.611316391,288.546,193.36862,-64.38684,913,-1,1.0,0.0,0.0,0.51,0.368,26,10.5,25.85,1,,,,,,
890,9.3,10,26,1,41,78,84,290,21545,297.8381,60424.611321031,300.088,193.36844,-64.38257,914,-1,1.0,0.0,0.0,0.587,0.0,20,10.35,26.0,1,,,,,,
891,6.7,10,26,1,69,77,84,210,21573,298.2252,60424.611325511,296.241,193.36844,-64.38257,915,-1,1.0,0.0,0.0,0.516,0.516,6,10.33,25.67,1,,,,,,
892,12.6,10,25,0,122,77,85,393,21882,302.4968,60424.611374951,296.241,193.36862,-64.38684,916,-1,1.0,0.0,0.0,0.74,0.502,33,10.21,25.42,1,,,,,,
893,7.9,10,26,0,93,75,85,246,21853,302.0959,60424.611370311,288.546,193.36844,-64.38257,917,-1,1.0,0.0,0.0,0.522,0.0,12,10.5,26.0,1,,,,,,
896,7.3,11,26,1,88,77,87,229,22360,309.1046,60424.611451431,296.241,193.35851,-64.38268,920,-1,1.0,0.0,0.0,0.514,0.363,14,10.43,25.86,1,,,,,,
899,6.6,10,26,1,56,76,88,206,22584,312.2012,60424.611487271,292.394,193.36844,-64.38257,923,-1,1.0,0.0,0.0,0.0,0.0,5,10.0,26.0,1,,,,,,
900,10.4,10,26,1,82,78,89,325,22866,316.0996,60424.611532391,300.088,193.36844,-64.38257,924,-1,1.0,0.0,0.0,0.724,0.18,31,10.48,25.97,1,,,,,,
901,8.5,10,25,0,166,78,89,266,22950,317.2608,60424.611545831,300.088,193.36862,-64.38684,925,-1,1.0,0.0,0.0,0.516,0.512,16,10.5,25.56,1,,,,,,
902,7.5,10,26,0,250,78,89,234,23034,318.422,60424.611559271,300.088,193.36844,-64.38257,926,-1,1.0,0.0,0.0,0.519,0.0,13,10.46,26.0,1,,,,,,
903,8.1,10,25,1,138,77,89,254,22922,316.8737,60424.611541351,296.241,193.36862,-64.38684,927,-1,1.0,0.0,0.0,0.535,0.488,7,10.43,25.71,1,,,,,,
905,8.2,10,25,1,23,78,90,258,23063,318.8229,60424.611563911,300.088,193.36862,-64.38684,929,-1,1.0,0.0,0.0,0.501,0.494,29,10.41,25.62,1,,,,,,
906,7.9,10,25,1,107,78,90,248,23147,319.9841,60424.611577351,300.088,193.36862,-64.38684,930,-1,1.0,0.0,0.0,0.506,0.439,13,10.38,25.23,1,,,,,,
907,9.2,10,25,0,78,77,90,289,23118,319.5832,60424.611572711,296.241,193.36862,-64.38684,931,-1,1.0,0.0,0.0,0.555,0.506,13,10.15,25.38,1,,,,,,
908,8.9,10,26,1,135,77,90,280,23175,320.3712,60424.611581831,296.241,193.36844,-64.38257,932,-1,1.0,0.0,0.0,0.512,0.218,21,10.48,25.95,1,,,,,,
910,16.9,10,26,1,160,77,91,528,23456,324.2557,60424.611626791,296.241,193.36844,-64.38257,934,-1,1.0,0.0,0.0,0.858,0.426,102,10.24,25.76,1,,,,,,
911,11.6,10,25,1,131,76,91,364,23427,323.8549,60424.611622151,292.394,193.36862,-64.38684,935,-1,1.0,0.0,0.0,0.799,0.493,56,10.38,25.39,1,,,,,,
912,12.2,10,25,0,188,78,91,382,23484,324.6428,60424.611631271,300.088,193.36862,-64.38684,937,-1,1.0,0.0,0.0,0.65,0.392,33,10.21,25.18,1,,,,,,
913,6.5,10,26,1,216,77,91,203,23512,325.0299,60424.611635751,296.241,193.36844,-64.38257,938,-1,1.0,0.0,0.0,0.548,0.0,5,10.4,26.0,1,,,,,,
916,17.4,10,26,1,213,77,92,544,23765,328.5274,60424.611676231,296.241,193.36844,-64.38257,941,-1,1.0,0.0,0.0,0.882,0.432,94,10.22,25.24,1,,,,,,
917,13.5,10,25,0,128,77,92,423,23680,327.3523,60424.611662631,296.241,193.36862,-64.38684,942,-1,1.0,0.0,0.0,0.815,0.503,45,10.29,25.56,1,,,,,,
918,12.9,10,26,1,185,77,92,403,23737,328.1403,60424.611671751,296.241,193.36844,-64.38257,943,-1,1.0,0.0,0.0,0.692,0.446,38,10.18,25.74,1,,,,,,
919,11.0,10,25,0,44,77,92,344,23596,326.1911,60424.611649191,296.241,193.36862,-64.38684,944,-1,1.0,0.0,0.0,0.719,0.516,16,10.12,25.5,1,,,,,,
920,11.1,10,26,0,100,77,92,346,23652,326.9652,60424.611658151,296.241,193.36844,-64.38257,945,-1,1.0,0.0,0.0,0.864,0.497,14,10.14,25.64,1,,,,,,
921,7.2,10,26,0,156,77,92,226,23708,327.7394,60424.611667111,296.241,193.36844,-64.38257,946,-1,1.0,0.0,0.0,0.0,0.0,3,10.0,26.0,1,,,,,,
927,17.6,10,25,1,126,77,93,551,23934,330.8636,60424.611703271,296.241,193.36862,-64.38684,952,-1,1.0,0.0,0.0,0.815,0.153,86,9.92,25.0,1,,,,,,
928,12.7,10,26,1,182,77,93,398,23990,331.6378,60424.611712231,296.241,193.36844,-64.38257,953,-1,1.0,0.0,0.0,0.77,0.233,88,10.12,25.94,1,,,,,,
929,12.6,10,26,1,238,77,93,393,24046,332.4119,60424.611721191,296.241,193.36844,-64.38257,954,-1,1.0,0.0,0.0,0.692,0.377,48,10.23,25.83,1,,,,,,
930,11.5,10,25,1,13,77,93,360,23821,329.3015,60424.611685191,296.241,193.36862,-64.38684,955,-1,1.0,0.0,0.0,0.709,0.506,39,10.15,25.49,1,,,,,,
931,12.3,10,25,0,153,77,93,386,23961,331.2369,60424.611707591,296.241,193.36862,-64.38684,956,-1,1.0,0.0,0.0,0.751,0.204,24,10.04,25.04,1,,,,,,
932,11.3,10,26,0,69,77,93,355,23877,330.0757,60424.611694151,296.241,193.36844,-64.38257,957,-1,1.0,0.0,0.0,0.693,0.508,28,10.04,25.46,1,,,,,,
933,10.3,10,25,0,97,77,93,322,23905,330.4627,60424.611698631,296.241,193.36862,-64.38684,958,-1,1.0,0.0,0.0,0.806,0.0,16,9.88,25.0,1,,,,,,
934,6.7,10,25,1,210,77,93,210,24018,332.0248,60424.611716711,296.241,193.36862,-64.38684,959,-1,1.0,0.0,0.0,0.447,0.447,5,10.2,25.2,1,,,,,,
941,6.2,62,130,5,2,254,93,195,23810,329.1494,60424.611683431,977.211,192.84091,-63.94135,966,-1,1.0,0.0,0.0,0.0,0.5,4,62.0,129.25,1,,,,,,
942,6.1,83,110,5,197,256,93,191,24005,331.8451,60424.611714631,984.905,192.63683,-64.02831,967,-1,1.0,0.0,0.0,0.0,0.0,3,83.0,110.0,1,,,,,,
943,19.7,10,25,0,122,77,94,618,24186,334.3473,60424.611743591,296.241,193.36859,-64.38684,968,-1,1.0,0.0,0.0,0.781,0.267,131,10.11,25.08,1,,,,,,
945,11.4,10,25,1,235,77,94,356,24299,335.9094,60424.611761671,296.241,193.36859,-64.38684,971,-1,1.0,0.0,0.0,0.732,0.402,26,9.85,25.19,1,,,,,,
946,11.6,10,25,0,66,77,94,364,24130,333.5731,60424.611734631,296.241,193.36859,-64.38684,972,-1,1.0,0.0,0.0,0.929,0.57,31,10.06,25.52,1,,,,,,
947,8.8,10,25,0,150,77,94,274,24214,334.7343,60424.611748071,296.241,193.36859,-64.38684,973,-1,1.0,0.0,0.0,0.707,0.441,9,10.33,25.78,1,,,,,,
948,7.4,11,26,0,38,77,94,231,24102,333.186,60424.611730151,296.241,193.35847,-64.38268,974,-1,1.0,0.0,0.0,0.548,0.548,6,10.5,25.5,1,,,,,,
953,6.3,219,220,3,57,253,94,196,24121,333.4487,60424.611733191,973.363,191.31755,-63.55185,979,-1,1.0,0.0,0.0,0.0,0.0,5,219.0,220.0,1,,,,,,
954,17.9,10,25,0,119,77,95,561,24439,337.8447,60424.611784071,296.241,193.36859,-64.38684,980,-1,1.0,0.0,0.0,0.961,0.499,102,10.25,25.44,1,,,,,,
955,12.2,10,25,1,232,77,95,381,24552,339.4069,60424.611802151,296.241,193.36859,-64.38684,981,-1,1.0,0.0,0.0,0.705,0.497,53,10.25,25.58,1,,,,,,
956,13.9,10,26,0,7,78,95,436,24327,336.2964,60424.611766151,300.088,193.36841,-64.38257,982,-1,1.0,0.0,0.0,0.789,0.432,54,9.98,25.76,1,,,,,,
957,12.7,10,26,0,175,77,95,397,24495,338.6189,60424.611793031,296.241,193.36841,-64.38257,983,-1,1.0,0.0,0.0,0.79,0.213,43,10.26,25.95,1,,,,,,
958,11.1,10,25,1,204,77,95,346,24524,339.0198,60424.611797671,296.241,193.36859,-64.38684,984,-1,1.0,0.0,0.0,0.759,0.407,30,10.1,25.2,1,,,,,,
959,7.6,10,26,1,91,76,95,238,24411,337.4577,60424.611779591,292.394,193.36841,-64.38257,985,-1,1.0,0.0,0.0,0.782,0.527,9,10.11,25.56,1,,,,,,
967,17.9,10,26,0,172,77,96,562,24748,342.1164,60424.611833511,296.241,193.36841,-64.38257,994,-1,1.0,0.0,0.0,0.877,0.23,90,10.49,25.94,1,,,,,,
968,18.3,10,25,0,144,77,96,572,24720,341.7293,60424.611829031,296.241,193.36859,-64.38684,995,-1,1.0,0.0,0.0,0.909,0.503,83,10.25,25.51,1,,,,,,
970,18.7,10,26,1,229,77,96,585,24805,342.9043,60424.611842631,296.241,193.36841,-64.38257,997,-1,1.0,0.0,0.0,0.928,0.439,109,10.46,25.74,1,,,,,,
971,12.1,10,26,1,4,77,96,379,24580,339.7939,60424.611806631,296.241,193.36841,-64.38257,998,-1,1.0,0.0,0.0,0.802,0.49,45,10.24,25.62,1,,,,,,
973,11.0,10,25,0,88,78,96,343,24664,340.9551,60424.611820071,300.088,193.36859,-64.38684,1000,-1,1.0,0.0,0.0,0.793,0.262,28,10.46,25.07,1,,,,,,
974,12.0,10,25,0,116,77,96,377,24692,341.3422,60424.611824551,296.241,193.36859,-64.38684,1001,-1,1.0,0.0,0.0,0.759,0.49,35,10.2,25.37,1,,,,,,
975,6.8,10,26,1,32,77,96,213,24608,340.181,60424.611811111,296.241,193.36841,-64.38257,1002,-1,1.0,0.0,0.0,0.516,0.0,6,10.33,26.0,1,,,,,,
982,6.3,48,128,5,28,257,96,196,24604,340.1257,60424.611810471,988.753,192.9781,-63.94902,1009,-1,1.0,0.0,0.0,0.0,0.0,4,48.0,128.0,1,,,,,,
984,14.8,10,26,1,225,76,97,464,25057,346.388,60424.611882951,292.394,193.36841,-64.38257,1011,-1,1.0,0.0,0.0,0.749,0.293,75,10.29,25.91,1,,,,,,
985,16.7,10,26,1,29,77,97,522,24861,343.6785,60424.611851591,296.241,193.36841,-64.38257,1012,-1,1.0,0.0,0.0,0.885,0.478,76,10.26,25.66,1,,,,,,
986,15.1,10,26,0,141,77,97,473,24973,345.2267,60424.611869511,296.241,193.36841,-64.38257,1013,-1,1.0,0.0,0.0,0.827,0.439,59,10.27,25.75,1,,,,,,
987,10.3,10,26,0,85,77,97,324,24917,344.4526,60424.611860551,296.241,193.36841,-64.38257,1014,-1,1.0,0.0,0.0,0.686,0.506,29,10.45,25.45,1,,,,,,
988,10.4,10,26,1,254,77,97,326,25086,346.7889,60424.611887591,296.241,193.36841,-64.38257,1015,-1,1.0,0.0,0.0,0.572,0.362,27,10.41,25.85,1,,,,,,
989,10.6,10,25,0,57,78,97,332,24889,344.0656,60424.611856071,300.088,193.36859,-64.38684,1016,-1,1.0,0.0,0.0,0.761,0.452,19,10.37,25.26,1,,,,,,
990,8.8,10,25,0,197,77,97,276,25029,346.0009,60424.611878471,296.241,193.36859,-64.38684,1017,-1,1.0,0.0,0.0,0.527,0.333,9,10.44,25.11,1,,,,,,
993,6.1,31,166,5,245,233,97,191,25077,346.6645,60424.611886151,896.418,193.13896,-63.78422,1020,-1,1.0,0.0,0.0,0.5,0.0,4,30.75,166.0,1,,,,,,
999,17.3,10,26,0,138,77,98,542,25226,348.7242,60424.611909991,296.241,193.36841,-64.38257,1026,-1,1.0,0.0,0.0,0.809,0.151,130,10.5,25.98,1,,,,,,
1000,19.7,10,25,0,194,77,98,616,25282,349.4984,60424.611918951,296.241,193.36859,-64.38684,1027,-1,1.0,0.0,0.0,0.857,0.501,117,10.52,25.47,1,,,,,,
1001,15.5,10,26,0,250,77,98,486,25338,350.2725,60424.611927911,296.241,193.36841,-64.38257,1028,-1,1.0,0.0,0.0,0.79,0.318,71,10.52,25.89,1,,,,,,
1003,9.1,10,25,0,110,77,98,285,25198,348.3372,60424.611905511,296.241,193.36859,-64.38684,1030,-1,1.0,0.0,0.0,0.655,0.5,16,10.19,25.38,1,,,,,,
1004,7.5,10,25,0,166,77,98,234,25254,349.1113,60424.611914471,296.241,193.36859,-64.38684,1031,-1,1.0,0.0,0.0,0.548,0.408,6,10.5,25.17,1,,,,,,
1010,6.2,181,70,6,131,256,98,193,25219,348.6274,60424.611908871,984.905,191.6721,-64.19945,1037,-1,1.0,0.0,0.0,0.0,0.0,4,181.0,70.0,1,,,,,,
1013,16.3,10,26,1,23,77,99,509,25367,350.6734,60424.611932551,296.241,193.36841,-64.38257,1040,-1,1.0,0.0,0.0,0.913,0.448,95,10.26,25.73,1,,,,,,
1014,12.4,10,25,1,51,77,99,388,25395,351.0605,60424.611937031,296.241,193.36859,-64.38684,1041,-1,1.0,0.0,0.0,0.72,0.504,56,10.25,25.52,1,,,,,,
1015,10.1,10,26,0,191,78,99,316,25535,352.9958,60424.611959431,300.088,193.36841,-64.38257,1042,-1,1.0,0.0,0.0,0.693,0.196,51,10.2,25.96,1,,,,,,
1016,11.6,11,26,0,219,78,99,362,25563,353.3829,60424.611963911,300.088,193.35847,-64.38268,1043,-1,1.0,0.0,0.0,0.791,0.255,44,10.55,25.93,1,,,,,,
1017,9.8,10,26,1,79,77,99,308,25423,351.4475,60424.611941511,296.241,193.36841,-64.38257,1044,-1,1.0,0.0,0.0,0.732,0.383,18,10.22,25.83,1,,,,,,
1020,10.0,10,25,1,20,77,100,312,25620,354.1709,60424.611973031,296.241,193.36859,-64.38684,1048,-1,1.0,0.0,0.0,0.686,0.503,20,10.05,25.4,1,,,,,,
1021,10.9,10,25,1,76,77,100,341,25676,354.945,60424.611981991,296.241,193.36859,-64.38684,1049,-1,1.0,0.0,0.0,0.663,0.494,53,10.42,25.6,1,,,,,,
1022,8.8,10,26,0,188,78,100,276,25788,356.4933,60424.611999911,300.088,193.36841,-64.38257,1050,-1,1.0,0.0,0.0,0.788,0.41,20,10.1,25.8,1,,,,,,
1023,8.5,10,25,0,216,77,100,267,25816,356.8804,60424.612004391,296.241,193.36859,-64.38684,1051,-1,1.0,0.0,0.0,0.422,0.483,10,10.2,25.7,1,,,,,,
1024,11.3,10,25,1,45,77,101,353,25901,358.0554,60424.612017991,296.241,193.36859,-64.38684,1052,-1,1.0,0.0,0.0,0.67,0.439,40,10.25,25.75,1,,,,,,
1025,12.3,10,26,0,213,77,101,386,26069,360.3779,60424.612044871,296.241,193.36841,-64.38257,1053,-1,1.0,0.0,0.0,0.794,0.498,46,10.24,25.59,1,,,,,,
1026,9.4,10,25,0,185,78,101,293,26041,359.9908,60424.612040391,300.088,193.36859,-64.38684,1054,-1,1.0,0.0,0.0,0.657,0.366,20,10.3,25.15,1,,,,,,
1027,9.3,11,26,0,98,78,102,290,26210,362.327,60424.612067431,300.088,193.35847,-64.38268,1055,-1,1.0,0.0,0.0,0.512,0.0,21,10.52,26.0,1,,,,,,
1028,12.9,10,25,1,39,78,103,404,26407,365.0504,60424.612098951,300.088,193.36859,-64.38684,1056,-1,1.0,0.0,0.0,0.924,0.253,74,10.46,25.07,1,,,,,,
1029,7.0,10,25,0,207,78,103,218,26575,367.3728,60424.612125831,300.088,193.36859,-64.38684,1057,-1,1.0,0.0,0.0,0.378,0.0,7,10.14,25.0,1,,,,,,
1030,9.6,10,25,0,235,77,103,301,26603,367.7599,60424.612130311,296.241,193.36859,-64.38684,1058,-1,1.0,0.0,0.0,0.498,0.0,21,10.38,25.0,1,,,,,,
1031,8.4,10,25,0,171,73,105,262,27051,373.953,60424.612201991,280.852,193.36859,-64.38684,1059,-1,1.0,0.0,0.0,0.511,0.511,18,10.44,25.56,1,,,,,,
1032,8.4,10,25,0,226,77,106,262,27362,378.2523,60424.612251751,296.241,193.36856,-64.38684,1060,-1,1.0,0.0,0.0,0.519,0.469,14,10.5,25.29,1,,,,,,
1033,8.9,10,25,1,23,77,108,278,27671,382.5239,60424.612301191,296.241,193.36856,-64.38684,1061,-1,1.0,0.0,0.0,0.506,0.396,27,10.44,25.19,1,,,,,,
1034,7.1,10,26,0,104,77,109,223,28008,387.1826,60424.612355111,296.241,193.36838,-64.38257,1062,-1,1.0,0.0,0.0,0.548,0.447,5,10.4,25.8,1,,,,,,
1035,11.0,10,26,0,129,77,110,344,28289,391.0671,60424.612400071,296.241,193.36838,-64.38257,1063,-1,1.0,0.0,0.0,0.785,0.357,48,10.35,25.85,1,,,,,,
1036,9.3,10,26,0,156,76,110,291,28316,391.4404,60424.612404391,292.394,193.36838,-64.38257,1064,-1,1.0,0.0,0.0,0.509,0.464,24,10.46,25.71,1,,,,,,
1037,6.9,11,26,1,239,77,111,215,28655,396.1267,60424.612458631,296.241,193.35844,-64.38268,1065,-1,1.0,0.0,0.0,0.516,0.0,6,10.67,26.0,1,,,,,,
1038,7.7,11,26,1,236,78,112,241,28908,399.6242,60424.612499111,300.088,193.35844,-64.38268,1066,-1,1.0,0.0,0.0,0.516,0.479,16,10.5,25.69,1,,,,,,
1039,10.3,10,25,1,89,77,114,322,29273,404.67,60424.612557511,296.241,193.36856,-64.38684,1067,-1,1.0,0.0,0.0,0.722,0.5,47,10.15,25.43,1,,,,,,
1040,7.1,10,25,0,142,78,115,221,29582,408.9416,60424.612606951,300.088,193.36856,-64.38684,1068,-1,1.0,0.0,0.0,0.548,0.0,5,10.4,25.0,1,,,,,,
1043,10.6,10,25,0,20,78,118,333,30228,417.8719,60424.612710311,300.088,193.36853,-64.38684,1071,-1,1.0,0.0,0.0,0.747,0.478,36,10.11,25.33,1,,,,,,
1044,10.7,10,25,0,48,77,118,335,30256,418.2589,60424.612714791,296.241,193.36853,-64.38684,1072,-1,1.0,0.0,0.0,0.674,0.507,23,10.0,25.43,1,,,,,,
1045,12.0,10,25,0,214,78,119,377,30678,424.0927,60424.612782311,300.088,193.36853,-64.38684,1073,-1,1.0,0.0,0.0,0.827,0.14,51,10.27,25.02,1,,,,,,
1046,7.5,10,26,0,184,73,119,234,30648,423.6779,60424.612777511,280.852,193.36835,-64.38257,1074,-1,1.0,0.0,0.0,0.51,0.477,22,10.45,25.32,1,,,,,,
1047,7.1,10,26,1,242,77,119,223,30706,424.4797,60424.612786791,296.241,193.36835,-64.38257,1075,-1,1.0,0.0,0.0,0.447,0.0,5,10.2,26.0,1,,,,,,
1048,9.0,10,26,0,239,78,120,281,30959,427.9772,60424.612827271,300.088,193.36835,-64.38257,1076,-1,1.0,0.0,0.0,0.51,0.0,22,10.45,26.0,1,,,,,,
1049,6.5,10,25,1,202,77,123,204,31690,438.0826,60424.612944231,296.241,193.36853,-64.38684,1077,-1,1.0,0.0,0.0,0.447,0.447,5,10.2,25.2,1,,,,,,
1052,10.7,10,25,0,220,77,126,335,32476,448.9482,60424.613069991,296.241,193.36853,-64.38684,1080,-1,1.0,0.0,0.0,0.771,0.315,55,10.33,25.11,1,,,,,,
1053,9.8,10,25,0,214,77,128,306,32982,455.9432,60424.613150951,296.241,193.36853,-64.38684,1081,-1,1.0,0.0,0.0,0.728,0.422,23,10.43,25.22,1,,,,,,
1054,16.0,10,25,0,11,77,130,502,33291,460.2148,60424.613200391,296.241,193.3685,-64.38684,1082,-1,1.0,0.0,0.0,0.885,0.502,94,10.23,25.47,1,,,,,,
1055,7.1,10,25,0,37,74,130,223,33317,460.5742,60424.613204551,284.699,193.3685,-64.38684,1083,-1,1.0,0.0,0.0,0.447,0.447,5,10.2,25.2,1,,,,,,
1056,7.3,11,26,0,33,77,132,228,33825,467.5968,60424.613285831,296.241,193.35838,-64.38268,1084,-1,1.0,0.0,0.0,0.519,0.439,13,10.46,25.77,1,,,,,,
1057,10.1,10,25,0,61,77,132,316,33853,467.9839,60424.613290311,296.241,193.3685,-64.38684,1085,-1,1.0,0.0,0.0,0.631,0.456,22,10.27,25.27,1,,,,,,
1058,6.1,10,25,1,114,75,133,192,34162,472.2555,60424.613339751,288.546,193.3685,-64.38684,1086,-1,1.0,0.0,0.0,0.0,0.0,3,10.0,25.0,1,,,,,,
1059,6.1,10,25,1,136,75,135,191,34696,479.6375,60424.613425191,288.546,193.3685,-64.38684,1087,-1,1.0,0.0,0.0,0.0,0.0,3,10.0,25.0,1,,,,,,
1060,7.2,10,25,1,218,78,136,225,35034,484.31,60424.613479271,300.088,193.3685,-64.38684,1088,-1,1.0,0.0,0.0,0.378,0.0,7,9.86,25.0,1,,,,,,
1061,7.2,10,25,0,10,73,139,224,35594,492.0515,60424.613568871,280.852,193.3685,-64.38684,1089,-1,1.0,0.0,0.0,0.599,0.48,13,10.23,25.31,1,,,,,,
1062,8.6,10,25,1,40,77,139,270,35624,492.4662,60424.613573671,296.241,193.3685,-64.38684,1090,-1,1.0,0.0,0.0,0.602,0.0,16,10.31,25.0,1,,,,,,
1063,10.1,10,26,0,171,77,142,317,36523,504.894,60424.613717511,296.241,193.36829,-64.38257,1091,-1,1.0,0.0,0.0,0.759,0.476,25,10.08,25.32,1,,,,,,
1064,7.8,10,25,1,128,77,147,244,37760,521.9943,60424.613915431,296.241,193.36847,-64.38684,1092,-1,1.0,0.0,0.0,0.514,0.47,17,10.47,25.71,1,,,,,,
1065,6.4,10,25,1,206,77,149,201,38350,530.1504,60424.614009831,296.241,193.36847,-64.38684,1093,-1,1.0,0.0,0.0,0.548,0.548,5,10.4,25.4,1,,,,,,
1067,7.4,10,25,0,190,77,154,233,39614,547.624,60424.614212071,296.241,193.36844,-64.38684,1095,-1,1.0,0.0,0.0,0.519,0.497,14,10.5,25.36,1,,,,,,
1068,8.3,10,25,0,218,77,154,261,39642,548.011,60424.614216551,296.241,193.36844,-64.38684,1096,-1,1.0,0.0,0.0,0.707,0.548,5,10.0,25.4,1,,,,,,
1069,9.8,10,25,1,97,78,157,307,40289,556.9551,60424.614320071,300.088,193.36844,-64.38684,1097,-1,1.0,0.0,0.0,0.679,0.0,40,10.28,25.0,1,,,,,,
1070,6.5,10,26,1,124,76,157,203,40316,557.3284,60424.614324391,292.394,193.36826,-64.38257,1098,-1,1.0,0.0,0.0,0.5,0.0,4,10.25,26.0,1,,,,,,
1071,8.6,11,26,0,178,78,158,268,40626,561.6138,60424.614373991,300.088,193.35832,-64.38268,1099,-1,1.0,0.0,0.0,0.51,0.0,25,10.52,26.0,1,,,,,,
1072,7.3,10,25,0,206,77,158,228,40654,562.0009,60424.614378471,296.241,193.36844,-64.38684,1100,-1,1.0,0.0,0.0,0.463,0.463,8,10.25,25.25,1,,,,,,
1073,11.3,10,25,0,84,77,161,354,41300,570.9312,60424.614481831,296.241,193.36844,-64.38684,1101,-1,1.0,0.0,0.0,0.834,0.499,54,10.61,25.43,1,,,,,,
1074,7.2,10,25,1,113,77,161,224,41329,571.3321,60424.614486471,296.241,193.36844,-64.38684,1102,-1,1.0,0.0,0.0,0.447,0.548,5,10.2,25.4,1,,,,,,
1075,7.9,10,26,1,166,78,162,246,41638,575.6037,60424.614535911,300.088,193.36826,-64.38257,1103,-1,1.0,0.0,0.0,0.626,0.0,23,10.13,26.0,1,,,,,,
1076,12.1,10,25,0,100,77,165,378,42340,585.3082,60424.614648231,296.241,193.36844,-64.38684,1104,-1,1.0,0.0,0.0,0.701,0.492,37,10.19,25.62,1,,,,,,
1077,7.1,10,25,0,128,77,165,223,42368,585.6953,60424.614652711,296.241,193.36844,-64.38684,1105,-1,1.0,0.0,0.0,0.408,0.408,6,10.17,25.17,1,,,,,,
1079,10.3,10,25,0,172,78,169,323,43436,600.4593,60424.614823591,300.088,193.36841,-64.38684,1107,-1,1.0,0.0,0.0,0.647,0.0,23,10.35,25.0,1,,,,,,
1080,17.6,10,26,0,234,77,3,552,1002,13.8516,60424.608034151,296.241,193.36867,-64.38257,40,0,0.993,0.0,0.0,0.795,0.102,96,10.5,25.99,2,,,,,,
1082,11.9,11,26,0,59,77,5,374,1339,18.5103,60424.608088071,296.241,193.35872,-64.38268,74,0,0.984,0.0,0.0,0.706,0.198,50,10.54,25.96,2,,,,,,
1084,18.2,10,25,0,100,77,10,570,2660,36.7718,60424.608299431,296.241,193.36882,-64.38684,145,0,0.995,0.0,0.0,0.806,0.328,132,10.23,25.12,2,,,,,,
1086,17.5,11,25,1,63,77,13,548,3391,46.8772,60424.608416391,296.241,193.35887,-64.38695,189,0,0.992,0.0,0.0,1.011,0.492,83,10.6,25.4,2,,,,,,
1088,19.0,11,26,0,144,78,14,595,3728,51.5359,60424.608470311,300.088,193.35869,-64.38268,200,0,0.981,0.0,0.0,0.931,0.499,140,10.68,25.56,2,,,,,,
1089,6.2,208,106,7,152,88,14,194,3736,51.6465,60424.608471591,338.561,191.41002,-64.04349,200,1,0.981,0.0,0.0,0.0,0.0,4,208.0,106.0,2,,,,,,
1090,17.9,11,26,0,116,78,14,562,3700,51.1488,60424.608465831,300.088,193.35869,-64.38268,201,0,0.985,0.0,0.0,0.905,0.456,90,10.63,25.71,2,,,,,,
1092,10.7,11,26,0,162,76,17,334,4514,62.4015,60424.608596071,292.394,193.35869,-64.38268,245,1,0.812,0.0,0.0,0.598,0.507,21,10.57,25.43,2,,,,,,
1093,6.7,133,50,4,165,76,17,210,4517,62.443,60424.608596551,292.394,192.14587,-64.28632,245,0,0.812,0.0,0.0,0.0,0.0,6,133.0,50.0,2,,,,,,
1096,16.5,11,26,1,4,77,23,516,5892,81.451,60424.608816551,296.241,193.35866,-64.38268,332,0,0.99,0.0,0.0,0.834,0.376,68,10.57,25.91,2,,,,,,
1098,20.6,10,25,1,95,77,30,645,7775,107.4816,60424.609117831,296.241,193.36879,-64.38684,415,0,0.995,0.0,0.0,0.961,0.487,129,10.47,25.62,2,,,,,,
1100,18.9,10,26,1,170,77,33,593,8618,119.1352,60424.609252711,296.241,193.36859,-64.38257,458,0,0.994,0.0,0.0,0.9,0.449,116,10.28,25.72,2,,,,,,
1102,19.0,10,25,1,251,77,34,594,8955,123.7939,60424.609306631,296.241,193.36876,-64.38684,475,0,0.985,0.0,0.0,0.904,0.496,93,10.2,25.42,2,,,,,,
1104,22.3,10,25,0,107,77,35,699,9067,125.3422,60424.609324551,296.241,193.36876,-64.38684,488,0,0.992,0.0,0.0,0.924,0.425,154,10.39,25.77,2,,,,,,
1106,27.3,10,25,0,251,77,43,855,11259,155.6444,60424.609675271,296.241,193.36876,-64.38684,542,0,0.987,0.019,0.0,1.029,0.483,230,10.38,25.37,3,,,,,,
1107,17.3,10,25,1,136,77,44,541,11400,157.5936,60424.609697831,296.241,193.36876,-64.38684,559,0,0.995,0.0,0.0,0.913,0.492,142,10.48,25.6,2,,,,,,
1109,23.0,10,25,0,170,77,51,721,13226,182.8362,60424.609989991,296.241,193.36873,-64.38684,653,0,0.996,0.0,0.0,1.008,0.22,138,10.27,25.95,2,,,,,,
1111,12.4,10,26,0,164,77,53,388,13732,189.8312,60424.610070951,296.241,193.36853,-64.38257,689,0,0.971,0.0,0.0,0.884,0.24,50,10.44,25.94,2,,,,,,
1113,20.9,10,25,0,130,77,55,654,14210,196.439,60424.610147431,296.241,193.36873,-64.38684,716,0,0.976,0.0,0.0,0.891,0.422,79,10.23,25.23,2,,,,,,
1114,6.6,183,38,0,130,77,55,207,14210,196.439,60424.610147431,296.241,191.6498,-64.33627,716,1,0.976,0.0,0.0,0.577,0.577,3,182.33,37.67,2,,,,,,
1115,20.7,10,25,0,158,77,55,647,14238,196.8261,60424.610151911,296.241,193.36873,-64.38684,717,0,0.989,0.0,0.0,0.977,0.43,112,10.37,25.24,2,,,,,,
1117,14.2,10,25,1,99,77,56,444,14435,199.5494,60424.610183431,296.241,193.36873,-64.38684,734,0,0.985,0.0,0.0,0.694,0.449,48,10.17,25.27,2,,,,,,
1119,16.6,10,25,0,205,77,58,520,15053,208.0927,60424.610282311,296.241,193.3687,-64.38684,760,0,0.984,0.0,0.0,0.809,0.44,89,10.12,25.26,2,,,,,,
1121,22.4,10,26,0,2,77,60,702,15362,212.3643,60424.610331751,296.241,193.3685,-64.38257,772,0,0.989,0.0,0.0,0.9,0.353,118,10.26,25.86,2,,,,,,
1123,15.9,10,25,1,243,77,64,499,16627,229.8517,60424.610534151,296.241,193.3687,-64.38684,838,0,0.989,0.0,0.0,0.827,0.438,71,10.27,25.75,2,,,,,,
1127,13.7,10,25,0,244,78,91,429,23540,325.417,60424.611640231,300.088,193.36862,-64.38684,936,0,0.985,0.0,0.0,0.758,0.394,48,10.25,25.19,2,,,,,,
1129,22.4,10,25,0,94,77,94,702,24158,333.9602,60424.611739111,296.241,193.36859,-64.38684,969,0,0.996,0.0,0.0,1.043,0.286,179,10.25,25.09,2,,,,,,
1131,24.1,10,26,1,1,77,97,755,24833,343.2914,60424.611847111,296.241,193.36841,-64.38257,993,0,0.996,0.0,0.0,1.033,0.469,183,10.1,25.68,2,,,,,,
1133,10.0,10,25,0,107,78,99,314,25451,351.8346,60424.611945991,300.088,193.36859,-64.38684,1045,0,0.942,0.0,0.0,0.76,0.506,13,10.08,25.62,2,,,,,,
